[INFO] Scanning for projects...
[WARNING] 
[WARNING] Some problems were encountered while building the effective model for ch.zzeekk.spark:spark-temporalquery_2.13:jar:3.0.1-SNAPSHOT
[WARNING] 'artifactId' contains an expression but should be a constant. @ ch.zzeekk.spark:spark-temporalquery_${scala.minor.version}:3.0.1-SNAPSHOT, /Users/nikolaus.thiel/GIT/spark-temporalquery/pom.xml, line 9, column 17
[WARNING] 
[WARNING] It is highly recommended to fix these problems because they threaten the stability of your build.
[WARNING] 
[WARNING] For this reason, future Maven versions might no longer support building such malformed projects.
[WARNING] 
[INFO] 
[INFO] --------------< ch.zzeekk.spark:spark-temporalquery_2.13 >--------------
[INFO] Building Spark Temporal Queries Library 3.0.1-SNAPSHOT
[INFO]   from pom.xml
[INFO] --------------------------------[ jar ]---------------------------------
[WARNING] 2 problems were encountered while building the effective model for org.apache.yetus:audience-annotations:jar:0.5.0 during dependency collection step for project (use -X to see details)
[INFO] 
[INFO] --- clean:3.2.0:clean (default-clean) @ spark-temporalquery_2.13 ---
[INFO] Deleting /Users/nikolaus.thiel/GIT/spark-temporalquery/target
[INFO] 
[INFO] --- scalafmt:1.1.1713302731.c3d0074:format (scalafmt) @ spark-temporalquery_2.13 ---
[INFO] parsed config (v3.10.7): /Users/nikolaus.thiel/GIT/spark-temporalquery/.scalafmt.conf
[INFO] Scalafmt results: 0 of 41 were unformatted
[INFO] Details:
[INFO] - Correctly formatted: Logging.scala
[INFO] - Correctly formatted: BiLinearGenericQueryUtil.scala
[INFO] - Correctly formatted: BiLinearFloatQueryUtil.scala
[INFO] - Correctly formatted: BiLinearDoubleQueryUtil.scala
[INFO] - Correctly formatted: BiTemporalClosedIntervalQueryUtil.scala
[INFO] - Correctly formatted: BiTemporalHalfOpenIntervalQueryUtil.scala
[INFO] - Correctly formatted: TemporalClosedQueryUtil.scala
[INFO] - Correctly formatted: LinearGenericQueryUtil.scala
[INFO] - Correctly formatted: LinearFloatQueryUtil.scala
[INFO] - Correctly formatted: LinearDoubleQueryUtil.scala
[INFO] - Correctly formatted: MultivariateRangeLibrary.scala
[INFO] - Correctly formatted: GenericDoubleQueryUtil.scala
[INFO] - Correctly formatted: package.scala
[INFO] - Correctly formatted: GenericQueryUtil.scala
[INFO] - Correctly formatted: MultivarRangeQueryImpl.scala
[INFO] - Correctly formatted: HalfOpenMultivarRangeQueryConfig.scala
[INFO] - Correctly formatted: MultivarRangeQueryConfig.scala
[INFO] - Correctly formatted: ClosedMultivarRangeQueryConfig.scala
[INFO] - Correctly formatted: HalfOpenInterval.scala
[INFO] - Correctly formatted: IntervalDef.scala
[INFO] - Correctly formatted: ClosedInterval.scala
[INFO] - Correctly formatted: IntervalQueryDimension.scala
[INFO] - Correctly formatted: DiscreteNumericAxis.scala
[INFO] - Correctly formatted: DiscreteAxisDef.scala
[INFO] - Correctly formatted: DiscreteTimeAxis.scala
[INFO] - Correctly formatted: package.scala
[INFO] - Correctly formatted: BiDimHalfopenIntervalTests.scala
[INFO] - Correctly formatted: BiTemporalTestUtils.scala
[INFO] - Correctly formatted: BiTemporalClosedMixedTest.scala
[INFO] - Correctly formatted: SVGexportTest.scala
[INFO] - Correctly formatted: BiTemporalClosedQueryUtilTest.scala
[INFO] - Correctly formatted: LinearDoubleQueryUtilTest.scala
[INFO] - Correctly formatted: LinearDoubleTestUtils.scala
[INFO] - Correctly formatted: TemporalClosedQueryUtilTest.scala
[INFO] - Correctly formatted: TemporalTestUtils.scala
[INFO] - Correctly formatted: MultiVarHalfopenIntervalTests.scala
[INFO] - Correctly formatted: PackageTest.scala
[INFO] - Correctly formatted: HalfOpenIntervalTest.scala
[INFO] - Correctly formatted: ClosedIntervalTest.scala
[INFO] - Correctly formatted: Generators.scala
[INFO] - Correctly formatted: TestUtils.scala
[INFO] 
[INFO] --- resources:3.4.0:resources (default-resources) @ spark-temporalquery_2.13 ---
[INFO] skip non existing resourceDirectory /Users/nikolaus.thiel/GIT/spark-temporalquery/src/main/resources
[INFO] 
[INFO] --- scala:2.15.2:compile (default) @ spark-temporalquery_2.13 ---
[INFO] Checking for multiple versions of scala
[WARNING]  Expected all dependencies to require Scala version: 2.13.17
[WARNING]  ch.zzeekk.spark:spark-temporalquery_2.13:3.0.1-SNAPSHOT requires scala version: 2.13.17
[WARNING]  org.scala-lang:scala-reflect:2.13.17 requires scala version: 2.13.17
[WARNING]  com.twitter:chill_2.13:0.10.0 requires scala version: 2.13.6
[WARNING] Multiple versions of scala libraries detected!
[INFO] includes = [**/*.java,**/*.scala,]
[INFO] excludes = []
[INFO] /Users/nikolaus.thiel/GIT/spark-temporalquery/src/main/scala:-1: info: compiling
[INFO] Compiling 26 source files to /Users/nikolaus.thiel/GIT/spark-temporalquery/target/classes at 1786527773055
[WARNING] warning: 11 deprecations (since 2.13.0)
[WARNING] warning: 5 deprecations (since 2.13.3)
[WARNING] warning: 16 deprecations in total; re-run with -deprecation for details
[WARNING] warning: 5 feature warnings; re-run with -feature for details
[WARNING] 4 warnings
[INFO] prepare-compile in 0 s
[INFO] compile in 4 s
[INFO] 
[INFO] --- compiler:3.15.0:compile (default-compile) @ spark-temporalquery_2.13 ---
[INFO] Nothing to compile - all classes are up to date.
[INFO] 
[INFO] --- scala:2.15.2:compile (compile) @ spark-temporalquery_2.13 ---
[INFO] Checking for multiple versions of scala
[WARNING]  Expected all dependencies to require Scala version: 2.13.17
[WARNING]  ch.zzeekk.spark:spark-temporalquery_2.13:3.0.1-SNAPSHOT requires scala version: 2.13.17
[WARNING]  org.scala-lang:scala-reflect:2.13.17 requires scala version: 2.13.17
[WARNING]  com.twitter:chill_2.13:0.10.0 requires scala version: 2.13.6
[WARNING] Multiple versions of scala libraries detected!
[INFO] includes = [**/*.java,**/*.scala,]
[INFO] excludes = []
[INFO] Nothing to compile - all classes are up to date
[INFO] 
[INFO] --- resources:3.4.0:testResources (default-testResources) @ spark-temporalquery_2.13 ---
[INFO] Copying 2 resources from src/test/resources to target/test-classes
[INFO] 
[INFO] --- compiler:3.15.0:testCompile (default-testCompile) @ spark-temporalquery_2.13 ---
[INFO] No sources to compile
[INFO] 
[INFO] --- scala:2.15.2:testCompile (test-compile) @ spark-temporalquery_2.13 ---
[INFO] Checking for multiple versions of scala
[WARNING]  Expected all dependencies to require Scala version: 2.13.17
[WARNING]  ch.zzeekk.spark:spark-temporalquery_2.13:3.0.1-SNAPSHOT requires scala version: 2.13.17
[WARNING]  org.scala-lang:scala-reflect:2.13.17 requires scala version: 2.13.17
[WARNING]  com.twitter:chill_2.13:0.10.0 requires scala version: 2.13.6
[WARNING] Multiple versions of scala libraries detected!
[WARNING] Plugin is modifying testCompileSourceRoots through add(), which will not work in Maven 4.0.0. Use MavenProject.addTestCompileSourceRoot()/removeTestCompileSourceRoot() methods instead. If using a plugin, please upgrade to the latest version or report the issue to the plugin maintainer. To disable these warnings, set -Dmaven.project.sourceRoots.warningsDisabled=true on the command line, in the .mvn/maven.config file, or in project POM properties.
[INFO] includes = [**/*.java,**/*.scala,]
[INFO] excludes = []
[INFO] /Users/nikolaus.thiel/GIT/spark-temporalquery/src/test/scala:-1: info: compiling
[INFO] Compiling 15 source files to /Users/nikolaus.thiel/GIT/spark-temporalquery/target/test-classes at 1786527777633
[WARNING] warning: 15 deprecations (since 2.13.0)
[WARNING] warning: 4 deprecations (since 2.13.3)
[WARNING] warning: 19 deprecations in total; re-run with -deprecation for details
[WARNING] 3 warnings
[INFO] prepare-compile in 0 s
[INFO] compile in 8 s
[INFO] 
[INFO] --- surefire:3.5.4:test (default-test) @ spark-temporalquery_2.13 ---
[INFO] Tests are skipped.
[INFO] 
[INFO] --- scalatest:2.2.0:test (test) @ spark-temporalquery_2.13 ---
[INFO] ScalaTest report directory: /Users/nikolaus.thiel/GIT/spark-temporalquery/target/surefire-reports
Discovery starting.
2026-08-12 11:43:07 WARN  NativeCodeLoader - Unable to load native-hadoop library for your platform... using builtin-java classes where applicable [ScalaTest-main]
2026-08-12 11:43:08 INFO  MultiVarHalfopenIntervalTests - logger.isDebugEnabled ? false [ScalaTest-main]
2026-08-12 11:43:08 INFO  MultiVarHalfopenIntervalTests - Java  Version : 21.0.11 [ScalaTest-main]
2026-08-12 11:43:08 INFO  MultiVarHalfopenIntervalTests - Java  Command : org.scalatest.tools.Runner -R /Users/nikolaus.thiel/GIT/spark-temporalquery/target/classes /Users/nikolaus.thiel/GIT/spark-temporalquery/target/test-classes -oWFT -f /Users/nikolaus.thiel/GIT/spark-temporalquery/target/surefire-reports/spark-temporalquery_2.13.txt -u /Users/nikolaus.thiel/GIT/spark-temporalquery/target/surefire-reports/. [ScalaTest-main]
2026-08-12 11:43:08 INFO  MultiVarHalfopenIntervalTests - Java TimeZone : Mitteleuropäische Normalzeit [ScalaTest-main]
2026-08-12 11:43:08 INFO  MultiVarHalfopenIntervalTests - Scala Version : version 2.13.17 [ScalaTest-main]
2026-08-12 11:43:08 INFO  MultiVarHalfopenIntervalTests - Spark Version : 3.5.7 [ScalaTest-main]
2026-08-12 11:43:08 INFO  MultiVarHalfopenIntervalTests - Spark AppId   : local-1786527787938 [ScalaTest-main]
2026-08-12 11:43:08 INFO  MultiVarHalfopenIntervalTests - Spark Conf Settings : [ScalaTest-main]
+-----------------------------------------------+---------+
|spark_conf                                     |value    |
+-----------------------------------------------+---------+
|spark.driver.cores                             |NULL     |
|spark.driver.host                              |localhost|
|spark.driver.maxResultSize                     |NULL     |
|spark.driver.memory                            |NULL     |
|spark.driver.port                              |51542    |
|spark.dynamicAllocation.enabled                |NULL     |
|spark.dynamicAllocation.executorAllocationRatio|NULL     |
|spark.dynamicAllocation.executorIdleTimeout    |NULL     |
|spark.dynamicAllocation.maxExecutors           |NULL     |
|spark.dynamicAllocation.minExecutors           |NULL     |
|spark.executor.cores                           |NULL     |
|spark.executor.memory                          |NULL     |
|spark.executor.memoryOverhead                  |NULL     |
|spark.sql.maxPlanStringLength                  |NULL     |
+-----------------------------------------------+---------+

2026-08-12 11:43:09 INFO  MultiVarHalfopenIntervalTests - Runtime Config Settings : [ScalaTest-main]
+-----------------------------------------------+------------------------------------------------------------------+
|runtime_config                                 |value                                                             |
+-----------------------------------------------+------------------------------------------------------------------+
|spark.shuffle.file.buffer                      |NULL                                                              |
|spark.sql.hive.filesourcePartitionFileCacheSize|262144000                                                         |
|spark.sql.hive.version                         |NULL                                                              |
|spark.sql.mapKeyDedupPolicy                    |EXCEPTION                                                         |
|spark.sql.maxPlanStringLength                  |2147483632b                                                       |
|spark.sql.optimizer.maxIterations              |100                                                               |
|spark.sql.shuffle.partitions                   |1                                                                 |
|spark.sql.warehouse.dir                        |file:/Users/nikolaus.thiel/GIT/spark-temporalquery/spark-warehouse|
+-----------------------------------------------+------------------------------------------------------------------+

2026-08-12 11:43:09 INFO  MultiVarHalfopenIntervalTests - Documentation: https://spark.apache.org/docs/3.5.7/configuration.html [ScalaTest-main]
2026-08-12 11:43:09 INFO  LinearDoubleQueryUtilTest - logger.isDebugEnabled ? false [ScalaTest-main]
2026-08-12 11:43:09 INFO  LinearDoubleQueryUtilTest - Java  Version : 21.0.11 [ScalaTest-main]
2026-08-12 11:43:09 INFO  LinearDoubleQueryUtilTest - Java  Command : org.scalatest.tools.Runner -R /Users/nikolaus.thiel/GIT/spark-temporalquery/target/classes /Users/nikolaus.thiel/GIT/spark-temporalquery/target/test-classes -oWFT -f /Users/nikolaus.thiel/GIT/spark-temporalquery/target/surefire-reports/spark-temporalquery_2.13.txt -u /Users/nikolaus.thiel/GIT/spark-temporalquery/target/surefire-reports/. [ScalaTest-main]
2026-08-12 11:43:09 INFO  LinearDoubleQueryUtilTest - Java TimeZone : Mitteleuropäische Normalzeit [ScalaTest-main]
2026-08-12 11:43:09 INFO  LinearDoubleQueryUtilTest - Scala Version : version 2.13.17 [ScalaTest-main]
2026-08-12 11:43:09 INFO  LinearDoubleQueryUtilTest - Spark Version : 3.5.7 [ScalaTest-main]
2026-08-12 11:43:09 INFO  LinearDoubleQueryUtilTest - Spark AppId   : local-1786527787938 [ScalaTest-main]
2026-08-12 11:43:09 INFO  LinearDoubleQueryUtilTest - Spark Conf Settings : [ScalaTest-main]
+-----------------------------------------------+---------+
|spark_conf                                     |value    |
+-----------------------------------------------+---------+
|spark.driver.cores                             |NULL     |
|spark.driver.host                              |localhost|
|spark.driver.maxResultSize                     |NULL     |
|spark.driver.memory                            |NULL     |
|spark.driver.port                              |51542    |
|spark.dynamicAllocation.enabled                |NULL     |
|spark.dynamicAllocation.executorAllocationRatio|NULL     |
|spark.dynamicAllocation.executorIdleTimeout    |NULL     |
|spark.dynamicAllocation.maxExecutors           |NULL     |
|spark.dynamicAllocation.minExecutors           |NULL     |
|spark.executor.cores                           |NULL     |
|spark.executor.memory                          |NULL     |
|spark.executor.memoryOverhead                  |NULL     |
|spark.sql.maxPlanStringLength                  |NULL     |
+-----------------------------------------------+---------+

2026-08-12 11:43:09 INFO  LinearDoubleQueryUtilTest - Runtime Config Settings : [ScalaTest-main]
+-----------------------------------------------+------------------------------------------------------------------+
|runtime_config                                 |value                                                             |
+-----------------------------------------------+------------------------------------------------------------------+
|spark.shuffle.file.buffer                      |NULL                                                              |
|spark.sql.hive.filesourcePartitionFileCacheSize|262144000                                                         |
|spark.sql.hive.version                         |NULL                                                              |
|spark.sql.mapKeyDedupPolicy                    |EXCEPTION                                                         |
|spark.sql.maxPlanStringLength                  |2147483632b                                                       |
|spark.sql.optimizer.maxIterations              |100                                                               |
|spark.sql.shuffle.partitions                   |1                                                                 |
|spark.sql.warehouse.dir                        |file:/Users/nikolaus.thiel/GIT/spark-temporalquery/spark-warehouse|
+-----------------------------------------------+------------------------------------------------------------------+

2026-08-12 11:43:10 INFO  LinearDoubleQueryUtilTest - Documentation: https://spark.apache.org/docs/3.5.7/configuration.html [ScalaTest-main]
2026-08-12 11:43:10 INFO  LinearDoubleTestUtils$ - logger.isDebugEnabled ? false [ScalaTest-main]
2026-08-12 11:43:10 INFO  LinearDoubleTestUtils$ - Java  Version : 21.0.11 [ScalaTest-main]
2026-08-12 11:43:10 INFO  LinearDoubleTestUtils$ - Java  Command : org.scalatest.tools.Runner -R /Users/nikolaus.thiel/GIT/spark-temporalquery/target/classes /Users/nikolaus.thiel/GIT/spark-temporalquery/target/test-classes -oWFT -f /Users/nikolaus.thiel/GIT/spark-temporalquery/target/surefire-reports/spark-temporalquery_2.13.txt -u /Users/nikolaus.thiel/GIT/spark-temporalquery/target/surefire-reports/. [ScalaTest-main]
2026-08-12 11:43:10 INFO  LinearDoubleTestUtils$ - Java TimeZone : Mitteleuropäische Normalzeit [ScalaTest-main]
2026-08-12 11:43:10 INFO  LinearDoubleTestUtils$ - Scala Version : version 2.13.17 [ScalaTest-main]
2026-08-12 11:43:10 INFO  LinearDoubleTestUtils$ - Spark Version : 3.5.7 [ScalaTest-main]
2026-08-12 11:43:10 INFO  LinearDoubleTestUtils$ - Spark AppId   : local-1786527787938 [ScalaTest-main]
2026-08-12 11:43:10 INFO  LinearDoubleTestUtils$ - Spark Conf Settings : [ScalaTest-main]
+-----------------------------------------------+---------+
|spark_conf                                     |value    |
+-----------------------------------------------+---------+
|spark.driver.cores                             |NULL     |
|spark.driver.host                              |localhost|
|spark.driver.maxResultSize                     |NULL     |
|spark.driver.memory                            |NULL     |
|spark.driver.port                              |51542    |
|spark.dynamicAllocation.enabled                |NULL     |
|spark.dynamicAllocation.executorAllocationRatio|NULL     |
|spark.dynamicAllocation.executorIdleTimeout    |NULL     |
|spark.dynamicAllocation.maxExecutors           |NULL     |
|spark.dynamicAllocation.minExecutors           |NULL     |
|spark.executor.cores                           |NULL     |
|spark.executor.memory                          |NULL     |
|spark.executor.memoryOverhead                  |NULL     |
|spark.sql.maxPlanStringLength                  |NULL     |
+-----------------------------------------------+---------+

2026-08-12 11:43:10 INFO  LinearDoubleTestUtils$ - Runtime Config Settings : [ScalaTest-main]
+-----------------------------------------------+------------------------------------------------------------------+
|runtime_config                                 |value                                                             |
+-----------------------------------------------+------------------------------------------------------------------+
|spark.shuffle.file.buffer                      |NULL                                                              |
|spark.sql.hive.filesourcePartitionFileCacheSize|262144000                                                         |
|spark.sql.hive.version                         |NULL                                                              |
|spark.sql.mapKeyDedupPolicy                    |EXCEPTION                                                         |
|spark.sql.maxPlanStringLength                  |2147483632b                                                       |
|spark.sql.optimizer.maxIterations              |100                                                               |
|spark.sql.shuffle.partitions                   |1                                                                 |
|spark.sql.warehouse.dir                        |file:/Users/nikolaus.thiel/GIT/spark-temporalquery/spark-warehouse|
+-----------------------------------------------+------------------------------------------------------------------+

2026-08-12 11:43:10 INFO  LinearDoubleTestUtils$ - Documentation: https://spark.apache.org/docs/3.5.7/configuration.html [ScalaTest-main]
2026-08-12 11:43:10 INFO  LinearDoubleTestUtils$ - (withDefaultIntervalDef) fromColName = position_from ; toColName = position_to ; intervalDef = HalfOpenInterval(-Infinity,Infinity) [ScalaTest-main]
2026-08-12 11:43:10 INFO  LinearDoubleTestUtils$ - defaultLinearConfig = LinearHalfOpenIntervalQueryConfig(Map(position_from -> position_to),List(),HalfOpenInterval(-Infinity,Infinity)) [ScalaTest-main]
2026-08-12 11:43:10 INFO  LinearDoubleQueryUtilTest - LinearDoubleQueryUtilTest: defaultLinearConfig = LinearHalfOpenIntervalQueryConfig(Map(position_from -> position_to),List(),HalfOpenInterval(-Infinity,Infinity)) [ScalaTest-main]
2026-08-12 11:43:10 INFO  ClosedIntervalTest - logger.isDebugEnabled ? false [ScalaTest-main]
2026-08-12 11:43:10 INFO  ClosedIntervalTest - Java  Version : 21.0.11 [ScalaTest-main]
2026-08-12 11:43:10 INFO  ClosedIntervalTest - Java  Command : org.scalatest.tools.Runner -R /Users/nikolaus.thiel/GIT/spark-temporalquery/target/classes /Users/nikolaus.thiel/GIT/spark-temporalquery/target/test-classes -oWFT -f /Users/nikolaus.thiel/GIT/spark-temporalquery/target/surefire-reports/spark-temporalquery_2.13.txt -u /Users/nikolaus.thiel/GIT/spark-temporalquery/target/surefire-reports/. [ScalaTest-main]
2026-08-12 11:43:10 INFO  ClosedIntervalTest - Java TimeZone : Mitteleuropäische Normalzeit [ScalaTest-main]
2026-08-12 11:43:10 INFO  ClosedIntervalTest - Scala Version : version 2.13.17 [ScalaTest-main]
2026-08-12 11:43:10 INFO  ClosedIntervalTest - Spark Version : 3.5.7 [ScalaTest-main]
2026-08-12 11:43:10 INFO  ClosedIntervalTest - Spark AppId   : local-1786527787938 [ScalaTest-main]
2026-08-12 11:43:10 INFO  ClosedIntervalTest - Spark Conf Settings : [ScalaTest-main]
+-----------------------------------------------+---------+
|spark_conf                                     |value    |
+-----------------------------------------------+---------+
|spark.driver.cores                             |NULL     |
|spark.driver.host                              |localhost|
|spark.driver.maxResultSize                     |NULL     |
|spark.driver.memory                            |NULL     |
|spark.driver.port                              |51542    |
|spark.dynamicAllocation.enabled                |NULL     |
|spark.dynamicAllocation.executorAllocationRatio|NULL     |
|spark.dynamicAllocation.executorIdleTimeout    |NULL     |
|spark.dynamicAllocation.maxExecutors           |NULL     |
|spark.dynamicAllocation.minExecutors           |NULL     |
|spark.executor.cores                           |NULL     |
|spark.executor.memory                          |NULL     |
|spark.executor.memoryOverhead                  |NULL     |
|spark.sql.maxPlanStringLength                  |NULL     |
+-----------------------------------------------+---------+

2026-08-12 11:43:10 INFO  ClosedIntervalTest - Runtime Config Settings : [ScalaTest-main]
+-----------------------------------------------+------------------------------------------------------------------+
|runtime_config                                 |value                                                             |
+-----------------------------------------------+------------------------------------------------------------------+
|spark.shuffle.file.buffer                      |NULL                                                              |
|spark.sql.hive.filesourcePartitionFileCacheSize|262144000                                                         |
|spark.sql.hive.version                         |NULL                                                              |
|spark.sql.mapKeyDedupPolicy                    |EXCEPTION                                                         |
|spark.sql.maxPlanStringLength                  |2147483632b                                                       |
|spark.sql.optimizer.maxIterations              |100                                                               |
|spark.sql.shuffle.partitions                   |1                                                                 |
|spark.sql.warehouse.dir                        |file:/Users/nikolaus.thiel/GIT/spark-temporalquery/spark-warehouse|
+-----------------------------------------------+------------------------------------------------------------------+

2026-08-12 11:43:10 INFO  ClosedIntervalTest - Documentation: https://spark.apache.org/docs/3.5.7/configuration.html [ScalaTest-main]
2026-08-12 11:43:10 INFO  BiDimHalfopenIntervalTests - logger.isDebugEnabled ? false [ScalaTest-main]
2026-08-12 11:43:10 INFO  BiDimHalfopenIntervalTests - Java  Version : 21.0.11 [ScalaTest-main]
2026-08-12 11:43:10 INFO  BiDimHalfopenIntervalTests - Java  Command : org.scalatest.tools.Runner -R /Users/nikolaus.thiel/GIT/spark-temporalquery/target/classes /Users/nikolaus.thiel/GIT/spark-temporalquery/target/test-classes -oWFT -f /Users/nikolaus.thiel/GIT/spark-temporalquery/target/surefire-reports/spark-temporalquery_2.13.txt -u /Users/nikolaus.thiel/GIT/spark-temporalquery/target/surefire-reports/. [ScalaTest-main]
2026-08-12 11:43:10 INFO  BiDimHalfopenIntervalTests - Java TimeZone : Mitteleuropäische Normalzeit [ScalaTest-main]
2026-08-12 11:43:10 INFO  BiDimHalfopenIntervalTests - Scala Version : version 2.13.17 [ScalaTest-main]
2026-08-12 11:43:10 INFO  BiDimHalfopenIntervalTests - Spark Version : 3.5.7 [ScalaTest-main]
2026-08-12 11:43:10 INFO  BiDimHalfopenIntervalTests - Spark AppId   : local-1786527787938 [ScalaTest-main]
2026-08-12 11:43:10 INFO  BiDimHalfopenIntervalTests - Spark Conf Settings : [ScalaTest-main]
+-----------------------------------------------+---------+
|spark_conf                                     |value    |
+-----------------------------------------------+---------+
|spark.driver.cores                             |NULL     |
|spark.driver.host                              |localhost|
|spark.driver.maxResultSize                     |NULL     |
|spark.driver.memory                            |NULL     |
|spark.driver.port                              |51542    |
|spark.dynamicAllocation.enabled                |NULL     |
|spark.dynamicAllocation.executorAllocationRatio|NULL     |
|spark.dynamicAllocation.executorIdleTimeout    |NULL     |
|spark.dynamicAllocation.maxExecutors           |NULL     |
|spark.dynamicAllocation.minExecutors           |NULL     |
|spark.executor.cores                           |NULL     |
|spark.executor.memory                          |NULL     |
|spark.executor.memoryOverhead                  |NULL     |
|spark.sql.maxPlanStringLength                  |NULL     |
+-----------------------------------------------+---------+

2026-08-12 11:43:10 INFO  BiDimHalfopenIntervalTests - Runtime Config Settings : [ScalaTest-main]
+-----------------------------------------------+------------------------------------------------------------------+
|runtime_config                                 |value                                                             |
+-----------------------------------------------+------------------------------------------------------------------+
|spark.shuffle.file.buffer                      |NULL                                                              |
|spark.sql.hive.filesourcePartitionFileCacheSize|262144000                                                         |
|spark.sql.hive.version                         |NULL                                                              |
|spark.sql.mapKeyDedupPolicy                    |EXCEPTION                                                         |
|spark.sql.maxPlanStringLength                  |2147483632b                                                       |
|spark.sql.optimizer.maxIterations              |100                                                               |
|spark.sql.shuffle.partitions                   |1                                                                 |
|spark.sql.warehouse.dir                        |file:/Users/nikolaus.thiel/GIT/spark-temporalquery/spark-warehouse|
+-----------------------------------------------+------------------------------------------------------------------+

2026-08-12 11:43:10 INFO  BiDimHalfopenIntervalTests - Documentation: https://spark.apache.org/docs/3.5.7/configuration.html [ScalaTest-main]
2026-08-12 11:43:10 INFO  BiDimHalfopenIntervalTests - (withDefaultIntervalDef) fstFromColName = x_from ; fstToColName = x_to ; sndFromColName = y_from ; sndToColName = y_to ; intervalDef = HalfOpenInterval(-Infinity,Infinity) [ScalaTest-main]
2026-08-12 11:43:10 INFO  BiDimHalfopenIntervalTests - BiDimHalfopenIntervalTests: biDimConfig = BiLinearHalfOpenIntervalQueryConfig(Map(x_from -> (x_to,HalfOpenInterval(-Infinity,Infinity)), y_from -> (y_to,HalfOpenInterval(-Infinity,Infinity))),List()) [ScalaTest-main]
2026-08-12 11:43:10 INFO  SVGexportTest - logger.isDebugEnabled ? false [ScalaTest-main]
2026-08-12 11:43:10 INFO  SVGexportTest - Java  Version : 21.0.11 [ScalaTest-main]
2026-08-12 11:43:10 INFO  SVGexportTest - Java  Command : org.scalatest.tools.Runner -R /Users/nikolaus.thiel/GIT/spark-temporalquery/target/classes /Users/nikolaus.thiel/GIT/spark-temporalquery/target/test-classes -oWFT -f /Users/nikolaus.thiel/GIT/spark-temporalquery/target/surefire-reports/spark-temporalquery_2.13.txt -u /Users/nikolaus.thiel/GIT/spark-temporalquery/target/surefire-reports/. [ScalaTest-main]
2026-08-12 11:43:10 INFO  SVGexportTest - Java TimeZone : Mitteleuropäische Normalzeit [ScalaTest-main]
2026-08-12 11:43:10 INFO  SVGexportTest - Scala Version : version 2.13.17 [ScalaTest-main]
2026-08-12 11:43:10 INFO  SVGexportTest - Spark Version : 3.5.7 [ScalaTest-main]
2026-08-12 11:43:10 INFO  SVGexportTest - Spark AppId   : local-1786527787938 [ScalaTest-main]
2026-08-12 11:43:10 INFO  SVGexportTest - Spark Conf Settings : [ScalaTest-main]
+-----------------------------------------------+---------+
|spark_conf                                     |value    |
+-----------------------------------------------+---------+
|spark.driver.cores                             |NULL     |
|spark.driver.host                              |localhost|
|spark.driver.maxResultSize                     |NULL     |
|spark.driver.memory                            |NULL     |
|spark.driver.port                              |51542    |
|spark.dynamicAllocation.enabled                |NULL     |
|spark.dynamicAllocation.executorAllocationRatio|NULL     |
|spark.dynamicAllocation.executorIdleTimeout    |NULL     |
|spark.dynamicAllocation.maxExecutors           |NULL     |
|spark.dynamicAllocation.minExecutors           |NULL     |
|spark.executor.cores                           |NULL     |
|spark.executor.memory                          |NULL     |
|spark.executor.memoryOverhead                  |NULL     |
|spark.sql.maxPlanStringLength                  |NULL     |
+-----------------------------------------------+---------+

2026-08-12 11:43:10 INFO  SVGexportTest - Runtime Config Settings : [ScalaTest-main]
+-----------------------------------------------+------------------------------------------------------------------+
|runtime_config                                 |value                                                             |
+-----------------------------------------------+------------------------------------------------------------------+
|spark.shuffle.file.buffer                      |NULL                                                              |
|spark.sql.hive.filesourcePartitionFileCacheSize|262144000                                                         |
|spark.sql.hive.version                         |NULL                                                              |
|spark.sql.mapKeyDedupPolicy                    |EXCEPTION                                                         |
|spark.sql.maxPlanStringLength                  |2147483632b                                                       |
|spark.sql.optimizer.maxIterations              |100                                                               |
|spark.sql.shuffle.partitions                   |1                                                                 |
|spark.sql.warehouse.dir                        |file:/Users/nikolaus.thiel/GIT/spark-temporalquery/spark-warehouse|
+-----------------------------------------------+------------------------------------------------------------------+

2026-08-12 11:43:10 INFO  SVGexportTest - Documentation: https://spark.apache.org/docs/3.5.7/configuration.html [ScalaTest-main]
2026-08-12 11:43:10 INFO  BiTemporalTestUtils$ - logger.isDebugEnabled ? false [ScalaTest-main]
2026-08-12 11:43:10 INFO  BiTemporalTestUtils$ - Java  Version : 21.0.11 [ScalaTest-main]
2026-08-12 11:43:10 INFO  BiTemporalTestUtils$ - Java  Command : org.scalatest.tools.Runner -R /Users/nikolaus.thiel/GIT/spark-temporalquery/target/classes /Users/nikolaus.thiel/GIT/spark-temporalquery/target/test-classes -oWFT -f /Users/nikolaus.thiel/GIT/spark-temporalquery/target/surefire-reports/spark-temporalquery_2.13.txt -u /Users/nikolaus.thiel/GIT/spark-temporalquery/target/surefire-reports/. [ScalaTest-main]
2026-08-12 11:43:10 INFO  BiTemporalTestUtils$ - Java TimeZone : Mitteleuropäische Normalzeit [ScalaTest-main]
2026-08-12 11:43:10 INFO  BiTemporalTestUtils$ - Scala Version : version 2.13.17 [ScalaTest-main]
2026-08-12 11:43:10 INFO  BiTemporalTestUtils$ - Spark Version : 3.5.7 [ScalaTest-main]
2026-08-12 11:43:10 INFO  BiTemporalTestUtils$ - Spark AppId   : local-1786527787938 [ScalaTest-main]
2026-08-12 11:43:10 INFO  BiTemporalTestUtils$ - Spark Conf Settings : [ScalaTest-main]
+-----------------------------------------------+---------+
|spark_conf                                     |value    |
+-----------------------------------------------+---------+
|spark.driver.cores                             |NULL     |
|spark.driver.host                              |localhost|
|spark.driver.maxResultSize                     |NULL     |
|spark.driver.memory                            |NULL     |
|spark.driver.port                              |51542    |
|spark.dynamicAllocation.enabled                |NULL     |
|spark.dynamicAllocation.executorAllocationRatio|NULL     |
|spark.dynamicAllocation.executorIdleTimeout    |NULL     |
|spark.dynamicAllocation.maxExecutors           |NULL     |
|spark.dynamicAllocation.minExecutors           |NULL     |
|spark.executor.cores                           |NULL     |
|spark.executor.memory                          |NULL     |
|spark.executor.memoryOverhead                  |NULL     |
|spark.sql.maxPlanStringLength                  |NULL     |
+-----------------------------------------------+---------+

2026-08-12 11:43:10 INFO  BiTemporalTestUtils$ - Runtime Config Settings : [ScalaTest-main]
+-----------------------------------------------+------------------------------------------------------------------+
|runtime_config                                 |value                                                             |
+-----------------------------------------------+------------------------------------------------------------------+
|spark.shuffle.file.buffer                      |NULL                                                              |
|spark.sql.hive.filesourcePartitionFileCacheSize|262144000                                                         |
|spark.sql.hive.version                         |NULL                                                              |
|spark.sql.mapKeyDedupPolicy                    |EXCEPTION                                                         |
|spark.sql.maxPlanStringLength                  |2147483632b                                                       |
|spark.sql.optimizer.maxIterations              |100                                                               |
|spark.sql.shuffle.partitions                   |1                                                                 |
|spark.sql.warehouse.dir                        |file:/Users/nikolaus.thiel/GIT/spark-temporalquery/spark-warehouse|
+-----------------------------------------------+------------------------------------------------------------------+

2026-08-12 11:43:10 INFO  BiTemporalTestUtils$ - Documentation: https://spark.apache.org/docs/3.5.7/configuration.html [ScalaTest-main]
2026-08-12 11:43:10 INFO  BiTemporalTestUtils$ - (withDefaultIntervalDef) fstFromColName = known_from ; fstToColName = known_to ; sndFromColName = valid_from ; sndToColName = valid_to ; intervalDef = ClosedInterval(1970-01-01 00:00:00.0,9999-12-31 00:00:00.0,DiscreteTimeAxis(Millis)) [ScalaTest-main]
2026-08-12 11:43:10 INFO  BiTemporalTestUtils$ - (withDefaultIntervalDef) fstFromColName = known_from ; fstToColName = known_to ; sndFromColName = valid_from ; sndToColName = valid_to ; intervalDef = HalfOpenInterval(1970-01-01 00:00:00.0,9999-12-31 00:00:00.0) [ScalaTest-main]
2026-08-12 11:43:10 INFO  SVGexportTest - SVGexportTest: defaultBiTemporalConfig = BiLinearClosedIntervalQueryConfig(Map(known_from -> (known_to,ClosedInterval(1970-01-01 00:00:00.0,9999-12-31 00:00:00.0,DiscreteTimeAxis(Millis))), valid_from -> (valid_to,ClosedInterval(1970-01-01 00:00:00.0,9999-12-31 00:00:00.0,DiscreteTimeAxis(Millis)))),List()) [ScalaTest-main]
2026-08-12 11:43:10 INFO  HalfOpenIntervalTest - logger.isDebugEnabled ? false [ScalaTest-main]
2026-08-12 11:43:10 INFO  HalfOpenIntervalTest - Java  Version : 21.0.11 [ScalaTest-main]
2026-08-12 11:43:10 INFO  HalfOpenIntervalTest - Java  Command : org.scalatest.tools.Runner -R /Users/nikolaus.thiel/GIT/spark-temporalquery/target/classes /Users/nikolaus.thiel/GIT/spark-temporalquery/target/test-classes -oWFT -f /Users/nikolaus.thiel/GIT/spark-temporalquery/target/surefire-reports/spark-temporalquery_2.13.txt -u /Users/nikolaus.thiel/GIT/spark-temporalquery/target/surefire-reports/. [ScalaTest-main]
2026-08-12 11:43:10 INFO  HalfOpenIntervalTest - Java TimeZone : Mitteleuropäische Normalzeit [ScalaTest-main]
2026-08-12 11:43:10 INFO  HalfOpenIntervalTest - Scala Version : version 2.13.17 [ScalaTest-main]
2026-08-12 11:43:10 INFO  HalfOpenIntervalTest - Spark Version : 3.5.7 [ScalaTest-main]
2026-08-12 11:43:10 INFO  HalfOpenIntervalTest - Spark AppId   : local-1786527787938 [ScalaTest-main]
2026-08-12 11:43:10 INFO  HalfOpenIntervalTest - Spark Conf Settings : [ScalaTest-main]
+-----------------------------------------------+---------+
|spark_conf                                     |value    |
+-----------------------------------------------+---------+
|spark.driver.cores                             |NULL     |
|spark.driver.host                              |localhost|
|spark.driver.maxResultSize                     |NULL     |
|spark.driver.memory                            |NULL     |
|spark.driver.port                              |51542    |
|spark.dynamicAllocation.enabled                |NULL     |
|spark.dynamicAllocation.executorAllocationRatio|NULL     |
|spark.dynamicAllocation.executorIdleTimeout    |NULL     |
|spark.dynamicAllocation.maxExecutors           |NULL     |
|spark.dynamicAllocation.minExecutors           |NULL     |
|spark.executor.cores                           |NULL     |
|spark.executor.memory                          |NULL     |
|spark.executor.memoryOverhead                  |NULL     |
|spark.sql.maxPlanStringLength                  |NULL     |
+-----------------------------------------------+---------+

2026-08-12 11:43:10 INFO  HalfOpenIntervalTest - Runtime Config Settings : [ScalaTest-main]
+-----------------------------------------------+------------------------------------------------------------------+
|runtime_config                                 |value                                                             |
+-----------------------------------------------+------------------------------------------------------------------+
|spark.shuffle.file.buffer                      |NULL                                                              |
|spark.sql.hive.filesourcePartitionFileCacheSize|262144000                                                         |
|spark.sql.hive.version                         |NULL                                                              |
|spark.sql.mapKeyDedupPolicy                    |EXCEPTION                                                         |
|spark.sql.maxPlanStringLength                  |2147483632b                                                       |
|spark.sql.optimizer.maxIterations              |100                                                               |
|spark.sql.shuffle.partitions                   |1                                                                 |
|spark.sql.warehouse.dir                        |file:/Users/nikolaus.thiel/GIT/spark-temporalquery/spark-warehouse|
+-----------------------------------------------+------------------------------------------------------------------+

2026-08-12 11:43:10 INFO  HalfOpenIntervalTest - Documentation: https://spark.apache.org/docs/3.5.7/configuration.html [ScalaTest-main]
2026-08-12 11:43:10 INFO  BiTemporalClosedMixedTest - logger.isDebugEnabled ? false [ScalaTest-main]
2026-08-12 11:43:10 INFO  BiTemporalClosedMixedTest - Java  Version : 21.0.11 [ScalaTest-main]
2026-08-12 11:43:10 INFO  BiTemporalClosedMixedTest - Java  Command : org.scalatest.tools.Runner -R /Users/nikolaus.thiel/GIT/spark-temporalquery/target/classes /Users/nikolaus.thiel/GIT/spark-temporalquery/target/test-classes -oWFT -f /Users/nikolaus.thiel/GIT/spark-temporalquery/target/surefire-reports/spark-temporalquery_2.13.txt -u /Users/nikolaus.thiel/GIT/spark-temporalquery/target/surefire-reports/. [ScalaTest-main]
2026-08-12 11:43:10 INFO  BiTemporalClosedMixedTest - Java TimeZone : Mitteleuropäische Normalzeit [ScalaTest-main]
2026-08-12 11:43:10 INFO  BiTemporalClosedMixedTest - Scala Version : version 2.13.17 [ScalaTest-main]
2026-08-12 11:43:10 INFO  BiTemporalClosedMixedTest - Spark Version : 3.5.7 [ScalaTest-main]
2026-08-12 11:43:10 INFO  BiTemporalClosedMixedTest - Spark AppId   : local-1786527787938 [ScalaTest-main]
2026-08-12 11:43:10 INFO  BiTemporalClosedMixedTest - Spark Conf Settings : [ScalaTest-main]
+-----------------------------------------------+---------+
|spark_conf                                     |value    |
+-----------------------------------------------+---------+
|spark.driver.cores                             |NULL     |
|spark.driver.host                              |localhost|
|spark.driver.maxResultSize                     |NULL     |
|spark.driver.memory                            |NULL     |
|spark.driver.port                              |51542    |
|spark.dynamicAllocation.enabled                |NULL     |
|spark.dynamicAllocation.executorAllocationRatio|NULL     |
|spark.dynamicAllocation.executorIdleTimeout    |NULL     |
|spark.dynamicAllocation.maxExecutors           |NULL     |
|spark.dynamicAllocation.minExecutors           |NULL     |
|spark.executor.cores                           |NULL     |
|spark.executor.memory                          |NULL     |
|spark.executor.memoryOverhead                  |NULL     |
|spark.sql.maxPlanStringLength                  |NULL     |
+-----------------------------------------------+---------+

2026-08-12 11:43:10 INFO  BiTemporalClosedMixedTest - Runtime Config Settings : [ScalaTest-main]
+-----------------------------------------------+------------------------------------------------------------------+
|runtime_config                                 |value                                                             |
+-----------------------------------------------+------------------------------------------------------------------+
|spark.shuffle.file.buffer                      |NULL                                                              |
|spark.sql.hive.filesourcePartitionFileCacheSize|262144000                                                         |
|spark.sql.hive.version                         |NULL                                                              |
|spark.sql.mapKeyDedupPolicy                    |EXCEPTION                                                         |
|spark.sql.maxPlanStringLength                  |2147483632b                                                       |
|spark.sql.optimizer.maxIterations              |100                                                               |
|spark.sql.shuffle.partitions                   |1                                                                 |
|spark.sql.warehouse.dir                        |file:/Users/nikolaus.thiel/GIT/spark-temporalquery/spark-warehouse|
+-----------------------------------------------+------------------------------------------------------------------+

2026-08-12 11:43:10 INFO  BiTemporalClosedMixedTest - Documentation: https://spark.apache.org/docs/3.5.7/configuration.html [ScalaTest-main]
2026-08-12 11:43:10 INFO  BiTemporalClosedMixedTest - BiTemporalQueryUtilTest: mrqc = BiLinearClosedIntervalQueryConfig(Map(known_from -> (known_to,ClosedInterval(1970-01-01 00:00:00.0,9999-12-31 00:00:00.0,DiscreteTimeAxis(Days))), valid_from -> (valid_to,ClosedInterval(1970-01-01 00:00:00.0,9999-12-31 00:00:00.0,DiscreteTimeAxis(Seconds)))),List()) [ScalaTest-main]
2026-08-12 11:43:10 INFO  TemporalClosedQueryUtilTest - logger.isDebugEnabled ? false [ScalaTest-main]
2026-08-12 11:43:10 INFO  TemporalClosedQueryUtilTest - Java  Version : 21.0.11 [ScalaTest-main]
2026-08-12 11:43:10 INFO  TemporalClosedQueryUtilTest - Java  Command : org.scalatest.tools.Runner -R /Users/nikolaus.thiel/GIT/spark-temporalquery/target/classes /Users/nikolaus.thiel/GIT/spark-temporalquery/target/test-classes -oWFT -f /Users/nikolaus.thiel/GIT/spark-temporalquery/target/surefire-reports/spark-temporalquery_2.13.txt -u /Users/nikolaus.thiel/GIT/spark-temporalquery/target/surefire-reports/. [ScalaTest-main]
2026-08-12 11:43:10 INFO  TemporalClosedQueryUtilTest - Java TimeZone : Mitteleuropäische Normalzeit [ScalaTest-main]
2026-08-12 11:43:10 INFO  TemporalClosedQueryUtilTest - Scala Version : version 2.13.17 [ScalaTest-main]
2026-08-12 11:43:10 INFO  TemporalClosedQueryUtilTest - Spark Version : 3.5.7 [ScalaTest-main]
2026-08-12 11:43:10 INFO  TemporalClosedQueryUtilTest - Spark AppId   : local-1786527787938 [ScalaTest-main]
2026-08-12 11:43:10 INFO  TemporalClosedQueryUtilTest - Spark Conf Settings : [ScalaTest-main]
+-----------------------------------------------+---------+
|spark_conf                                     |value    |
+-----------------------------------------------+---------+
|spark.driver.cores                             |NULL     |
|spark.driver.host                              |localhost|
|spark.driver.maxResultSize                     |NULL     |
|spark.driver.memory                            |NULL     |
|spark.driver.port                              |51542    |
|spark.dynamicAllocation.enabled                |NULL     |
|spark.dynamicAllocation.executorAllocationRatio|NULL     |
|spark.dynamicAllocation.executorIdleTimeout    |NULL     |
|spark.dynamicAllocation.maxExecutors           |NULL     |
|spark.dynamicAllocation.minExecutors           |NULL     |
|spark.executor.cores                           |NULL     |
|spark.executor.memory                          |NULL     |
|spark.executor.memoryOverhead                  |NULL     |
|spark.sql.maxPlanStringLength                  |NULL     |
+-----------------------------------------------+---------+

2026-08-12 11:43:10 INFO  TemporalClosedQueryUtilTest - Runtime Config Settings : [ScalaTest-main]
+-----------------------------------------------+------------------------------------------------------------------+
|runtime_config                                 |value                                                             |
+-----------------------------------------------+------------------------------------------------------------------+
|spark.shuffle.file.buffer                      |NULL                                                              |
|spark.sql.hive.filesourcePartitionFileCacheSize|262144000                                                         |
|spark.sql.hive.version                         |NULL                                                              |
|spark.sql.mapKeyDedupPolicy                    |EXCEPTION                                                         |
|spark.sql.maxPlanStringLength                  |2147483632b                                                       |
|spark.sql.optimizer.maxIterations              |100                                                               |
|spark.sql.shuffle.partitions                   |1                                                                 |
|spark.sql.warehouse.dir                        |file:/Users/nikolaus.thiel/GIT/spark-temporalquery/spark-warehouse|
+-----------------------------------------------+------------------------------------------------------------------+

2026-08-12 11:43:11 INFO  TemporalClosedQueryUtilTest - Documentation: https://spark.apache.org/docs/3.5.7/configuration.html [ScalaTest-main]
2026-08-12 11:43:11 INFO  TemporalClosedQueryUtilTest - (withDefaultIntervalDef) fromColName = valid_from ; toColName = valid_to ; intervalDef = ClosedInterval(1970-01-01 00:00:00.0,9999-12-31 00:00:00.0,DiscreteTimeAxis(Millis)) [ScalaTest-main]
2026-08-12 11:43:11 INFO  TemporalClosedQueryUtilTest - TemporalQueryUtilTest: defaultTemporalConfig = LinearClosedIntervalQueryConfig(Map(valid_from -> valid_to),List(),ClosedInterval(1970-01-01 00:00:00.0,9999-12-31 00:00:00.0,DiscreteTimeAxis(Millis))) [ScalaTest-main]
2026-08-12 11:43:11 INFO  PackageTest - logger.isDebugEnabled ? false [ScalaTest-main]
2026-08-12 11:43:11 INFO  PackageTest - Java  Version : 21.0.11 [ScalaTest-main]
2026-08-12 11:43:11 INFO  PackageTest - Java  Command : org.scalatest.tools.Runner -R /Users/nikolaus.thiel/GIT/spark-temporalquery/target/classes /Users/nikolaus.thiel/GIT/spark-temporalquery/target/test-classes -oWFT -f /Users/nikolaus.thiel/GIT/spark-temporalquery/target/surefire-reports/spark-temporalquery_2.13.txt -u /Users/nikolaus.thiel/GIT/spark-temporalquery/target/surefire-reports/. [ScalaTest-main]
2026-08-12 11:43:11 INFO  PackageTest - Java TimeZone : Mitteleuropäische Normalzeit [ScalaTest-main]
2026-08-12 11:43:11 INFO  PackageTest - Scala Version : version 2.13.17 [ScalaTest-main]
2026-08-12 11:43:11 INFO  PackageTest - Spark Version : 3.5.7 [ScalaTest-main]
2026-08-12 11:43:11 INFO  PackageTest - Spark AppId   : local-1786527787938 [ScalaTest-main]
2026-08-12 11:43:11 INFO  PackageTest - Spark Conf Settings : [ScalaTest-main]
+-----------------------------------------------+---------+
|spark_conf                                     |value    |
+-----------------------------------------------+---------+
|spark.driver.cores                             |NULL     |
|spark.driver.host                              |localhost|
|spark.driver.maxResultSize                     |NULL     |
|spark.driver.memory                            |NULL     |
|spark.driver.port                              |51542    |
|spark.dynamicAllocation.enabled                |NULL     |
|spark.dynamicAllocation.executorAllocationRatio|NULL     |
|spark.dynamicAllocation.executorIdleTimeout    |NULL     |
|spark.dynamicAllocation.maxExecutors           |NULL     |
|spark.dynamicAllocation.minExecutors           |NULL     |
|spark.executor.cores                           |NULL     |
|spark.executor.memory                          |NULL     |
|spark.executor.memoryOverhead                  |NULL     |
|spark.sql.maxPlanStringLength                  |NULL     |
+-----------------------------------------------+---------+

2026-08-12 11:43:11 INFO  PackageTest - Runtime Config Settings : [ScalaTest-main]
+-----------------------------------------------+------------------------------------------------------------------+
|runtime_config                                 |value                                                             |
+-----------------------------------------------+------------------------------------------------------------------+
|spark.shuffle.file.buffer                      |NULL                                                              |
|spark.sql.hive.filesourcePartitionFileCacheSize|262144000                                                         |
|spark.sql.hive.version                         |NULL                                                              |
|spark.sql.mapKeyDedupPolicy                    |EXCEPTION                                                         |
|spark.sql.maxPlanStringLength                  |2147483632b                                                       |
|spark.sql.optimizer.maxIterations              |100                                                               |
|spark.sql.shuffle.partitions                   |1                                                                 |
|spark.sql.warehouse.dir                        |file:/Users/nikolaus.thiel/GIT/spark-temporalquery/spark-warehouse|
+-----------------------------------------------+------------------------------------------------------------------+

2026-08-12 11:43:11 INFO  PackageTest - Documentation: https://spark.apache.org/docs/3.5.7/configuration.html [ScalaTest-main]
2026-08-12 11:43:11 INFO  BiTemporalClosedQueryUtilTest - logger.isDebugEnabled ? false [ScalaTest-main]
2026-08-12 11:43:11 INFO  BiTemporalClosedQueryUtilTest - Java  Version : 21.0.11 [ScalaTest-main]
2026-08-12 11:43:11 INFO  BiTemporalClosedQueryUtilTest - Java  Command : org.scalatest.tools.Runner -R /Users/nikolaus.thiel/GIT/spark-temporalquery/target/classes /Users/nikolaus.thiel/GIT/spark-temporalquery/target/test-classes -oWFT -f /Users/nikolaus.thiel/GIT/spark-temporalquery/target/surefire-reports/spark-temporalquery_2.13.txt -u /Users/nikolaus.thiel/GIT/spark-temporalquery/target/surefire-reports/. [ScalaTest-main]
2026-08-12 11:43:11 INFO  BiTemporalClosedQueryUtilTest - Java TimeZone : Mitteleuropäische Normalzeit [ScalaTest-main]
2026-08-12 11:43:11 INFO  BiTemporalClosedQueryUtilTest - Scala Version : version 2.13.17 [ScalaTest-main]
2026-08-12 11:43:11 INFO  BiTemporalClosedQueryUtilTest - Spark Version : 3.5.7 [ScalaTest-main]
2026-08-12 11:43:11 INFO  BiTemporalClosedQueryUtilTest - Spark AppId   : local-1786527787938 [ScalaTest-main]
2026-08-12 11:43:11 INFO  BiTemporalClosedQueryUtilTest - Spark Conf Settings : [ScalaTest-main]
+-----------------------------------------------+---------+
|spark_conf                                     |value    |
+-----------------------------------------------+---------+
|spark.driver.cores                             |NULL     |
|spark.driver.host                              |localhost|
|spark.driver.maxResultSize                     |NULL     |
|spark.driver.memory                            |NULL     |
|spark.driver.port                              |51542    |
|spark.dynamicAllocation.enabled                |NULL     |
|spark.dynamicAllocation.executorAllocationRatio|NULL     |
|spark.dynamicAllocation.executorIdleTimeout    |NULL     |
|spark.dynamicAllocation.maxExecutors           |NULL     |
|spark.dynamicAllocation.minExecutors           |NULL     |
|spark.executor.cores                           |NULL     |
|spark.executor.memory                          |NULL     |
|spark.executor.memoryOverhead                  |NULL     |
|spark.sql.maxPlanStringLength                  |NULL     |
+-----------------------------------------------+---------+

2026-08-12 11:43:11 INFO  BiTemporalClosedQueryUtilTest - Runtime Config Settings : [ScalaTest-main]
+-----------------------------------------------+------------------------------------------------------------------+
|runtime_config                                 |value                                                             |
+-----------------------------------------------+------------------------------------------------------------------+
|spark.shuffle.file.buffer                      |NULL                                                              |
|spark.sql.hive.filesourcePartitionFileCacheSize|262144000                                                         |
|spark.sql.hive.version                         |NULL                                                              |
|spark.sql.mapKeyDedupPolicy                    |EXCEPTION                                                         |
|spark.sql.maxPlanStringLength                  |2147483632b                                                       |
|spark.sql.optimizer.maxIterations              |100                                                               |
|spark.sql.shuffle.partitions                   |1                                                                 |
|spark.sql.warehouse.dir                        |file:/Users/nikolaus.thiel/GIT/spark-temporalquery/spark-warehouse|
+-----------------------------------------------+------------------------------------------------------------------+

2026-08-12 11:43:11 INFO  BiTemporalClosedQueryUtilTest - Documentation: https://spark.apache.org/docs/3.5.7/configuration.html [ScalaTest-main]
2026-08-12 11:43:11 INFO  BiTemporalClosedQueryUtilTest - BiTemporalQueryUtilTest: defaultBiTemporalConfig = BiLinearClosedIntervalQueryConfig(Map(known_from -> (known_to,ClosedInterval(1970-01-01 00:00:00.0,9999-12-31 00:00:00.0,DiscreteTimeAxis(Millis))), valid_from -> (valid_to,ClosedInterval(1970-01-01 00:00:00.0,9999-12-31 00:00:00.0,DiscreteTimeAxis(Millis)))),List()) [ScalaTest-main]
Discovery completed in 4 seconds, 288 milliseconds.
Run starting. Expected test count is: 170
MultiVarHalfopenIntervalTests:
rangeCombine
2026-08-12 11:43:11 INFO  MultiVarHalfopenIntervalTests - (getHyperdimDataFrame) 1 splitPts of dimensions 1: PointN(List(0.5666746599352754)), ... [ScalaTest-main-running-MultiVarHalfopenIntervalTests]
2026-08-12 11:43:11 INFO  MultiVarHalfopenIntervalTests - (withDefaultIntervalDef) numDim = 1 ; intervalDef = HalfOpenInterval(-Infinity,Infinity) [ScalaTest-main-running-MultiVarHalfopenIntervalTests]
2026-08-12 11:43:11 INFO  MultiVarHalfopenIntervalTests - (getHyperdimDataFrame) maxNumSplitCoords = 22 ; valueCol = A AS value ; mrqc = GenericHalfOpenIntervalQueryConfig(Map(x000_from -> (x000_to,HalfOpenInterval(-Infinity,Infinity))),List()) [ScalaTest-main-running-MultiVarHalfopenIntervalTests]
2026-08-12 11:43:11 INFO  MultiVarHalfopenIntervalTests - (hypercuboids2dataFrame) mrqc.numDimensions = 1 ; 2 hypercuboids given [ScalaTest-main-running-MultiVarHalfopenIntervalTests]
2026-08-12 11:43:11 INFO  MultiVarHalfopenIntervalTests - df.count() = 2 ; df.distinct().count() = 2 ; df.schema = struct<x000_from:double,x000_to:double,value:string> [ScalaTest-main-running-MultiVarHalfopenIntervalTests]
2026-08-12 11:43:11 INFO  MultiVarHalfopenIntervalTests - (combineMultivarRanges(runId=1)) DONE: returning resultatCombine: schema = struct<x000_from:double,x000_to:double,value:string> , mrqc=GenericHalfOpenIntervalQueryConfig(Map(x000_from -> (x000_to,HalfOpenInterval(-Infinity,Infinity))),List()) [ScalaTest-main-running-MultiVarHalfopenIntervalTests]
2026-08-12 11:43:11 INFO  MultiVarHalfopenIntervalTests - (hypercuboids2dataFrame) mrqc.numDimensions = 1 ; 1 hypercuboids given [ScalaTest-main-running-MultiVarHalfopenIntervalTests]

2026-08-12 11:43:12 INFO  MultiVarHalfopenIntervalTests - (getHyperdimDataFrame) 1 splitPts of dimensions 1: PointN(List(0.2722734100496319)), ... [ScalaTest-main-running-MultiVarHalfopenIntervalTests]
2026-08-12 11:43:12 INFO  MultiVarHalfopenIntervalTests - (withDefaultIntervalDef) numDim = 1 ; intervalDef = HalfOpenInterval(-Infinity,Infinity) [ScalaTest-main-running-MultiVarHalfopenIntervalTests]
2026-08-12 11:43:12 INFO  MultiVarHalfopenIntervalTests - (getHyperdimDataFrame) maxNumSplitCoords = 22 ; valueCol = A AS value ; mrqc = GenericHalfOpenIntervalQueryConfig(Map(x000_from -> (x000_to,HalfOpenInterval(-Infinity,Infinity))),List()) [ScalaTest-main-running-MultiVarHalfopenIntervalTests]
2026-08-12 11:43:12 INFO  MultiVarHalfopenIntervalTests - (hypercuboids2dataFrame) mrqc.numDimensions = 1 ; 2 hypercuboids given [ScalaTest-main-running-MultiVarHalfopenIntervalTests]
2026-08-12 11:43:12 INFO  MultiVarHalfopenIntervalTests - df.count() = 2 ; df.distinct().count() = 2 ; df.schema = struct<x000_from:double,x000_to:double,value:string> [ScalaTest-main-running-MultiVarHalfopenIntervalTests]
2026-08-12 11:43:12 INFO  MultiVarHalfopenIntervalTests - (combineMultivarRanges(runId=1)) DONE: returning resultatCombine: schema = struct<x000_from:double,x000_to:double,value:string> , mrqc=GenericHalfOpenIntervalQueryConfig(Map(x000_from -> (x000_to,HalfOpenInterval(-Infinity,Infinity))),List()) [ScalaTest-main-running-MultiVarHalfopenIntervalTests]
2026-08-12 11:43:12 INFO  MultiVarHalfopenIntervalTests - (hypercuboids2dataFrame) mrqc.numDimensions = 1 ; 1 hypercuboids given [ScalaTest-main-running-MultiVarHalfopenIntervalTests]

2026-08-12 11:43:12 INFO  MultiVarHalfopenIntervalTests - (getHyperdimDataFrame) 1 splitPts of dimensions 3: PointN(List(0.5547128806160513, 0.6682623843831601, 0.4898794475174223)), ... [ScalaTest-main-running-MultiVarHalfopenIntervalTests]
2026-08-12 11:43:12 INFO  MultiVarHalfopenIntervalTests - (withDefaultIntervalDef) numDim = 3 ; intervalDef = HalfOpenInterval(-Infinity,Infinity) [ScalaTest-main-running-MultiVarHalfopenIntervalTests]
2026-08-12 11:43:12 INFO  MultiVarHalfopenIntervalTests - (getHyperdimDataFrame) maxNumSplitCoords = 22 ; valueCol = A AS value ; mrqc = GenericHalfOpenIntervalQueryConfig(Map(x000_from -> (x000_to,HalfOpenInterval(-Infinity,Infinity)), x001_from -> (x001_to,HalfOpenInterval(-Infinity,Infinity)), x002_from -> (x002_to,HalfOpenInterval(-Infinity,Infinity))),List()) [ScalaTest-main-running-MultiVarHalfopenIntervalTests]
2026-08-12 11:43:12 INFO  MultiVarHalfopenIntervalTests - (hypercuboids2dataFrame) mrqc.numDimensions = 3 ; 8 hypercuboids given [ScalaTest-main-running-MultiVarHalfopenIntervalTests]
2026-08-12 11:43:13 INFO  MultiVarHalfopenIntervalTests - df.count() = 8 ; df.distinct().count() = 8 ; df.schema = struct<x000_from:double,x000_to:double,x001_from:double,x001_to:double,x002_from:double,x002_to:double,value:string> [ScalaTest-main-running-MultiVarHalfopenIntervalTests]
2026-08-12 11:43:14 INFO  MultiVarHalfopenIntervalTests - (combineMultivarRanges(runId=2)) DONE: returning resultatCombine: schema = struct<x000_from:double,x000_to:double,x001_from:double,x001_to:double,x002_from:double,x002_to:double,value:string> , mrqc=GenericHalfOpenIntervalQueryConfig(Map(x000_from -> (x000_to,HalfOpenInterval(-Infinity,Infinity)), x001_from -> (x001_to,HalfOpenInterval(-Infinity,Infinity)), x002_from -> (x002_to,HalfOpenInterval(-Infinity,Infinity))),List()) [ScalaTest-main-running-MultiVarHalfopenIntervalTests]
2026-08-12 11:43:14 INFO  MultiVarHalfopenIntervalTests - (hypercuboids2dataFrame) mrqc.numDimensions = 3 ; 1 hypercuboids given [ScalaTest-main-running-MultiVarHalfopenIntervalTests]

2026-08-12 11:43:16 INFO  MultiVarHalfopenIntervalTests - (getHyperdimDataFrame) 6 splitPts of dimensions 2: PointN(List(0.15339711823902855, 0.3245928157675995)), PointN(List(0.5288193956710264, 0.8437459269590927)), ... [ScalaTest-main-running-MultiVarHalfopenIntervalTests]
2026-08-12 11:43:16 INFO  MultiVarHalfopenIntervalTests - (withDefaultIntervalDef) numDim = 2 ; intervalDef = HalfOpenInterval(-Infinity,Infinity) [ScalaTest-main-running-MultiVarHalfopenIntervalTests]
2026-08-12 11:43:16 INFO  MultiVarHalfopenIntervalTests - (getHyperdimDataFrame) maxNumSplitCoords = 22 ; valueCol = A AS value ; mrqc = GenericHalfOpenIntervalQueryConfig(Map(x000_from -> (x000_to,HalfOpenInterval(-Infinity,Infinity)), x001_from -> (x001_to,HalfOpenInterval(-Infinity,Infinity))),List()) [ScalaTest-main-running-MultiVarHalfopenIntervalTests]
2026-08-12 11:43:16 INFO  MultiVarHalfopenIntervalTests - (hypercuboids2dataFrame) mrqc.numDimensions = 2 ; 19 hypercuboids given [ScalaTest-main-running-MultiVarHalfopenIntervalTests]
2026-08-12 11:43:16 INFO  MultiVarHalfopenIntervalTests - df.count() = 19 ; df.distinct().count() = 19 ; df.schema = struct<x000_from:double,x000_to:double,x001_from:double,x001_to:double,value:string> [ScalaTest-main-running-MultiVarHalfopenIntervalTests]
2026-08-12 11:43:23 INFO  MultiVarHalfopenIntervalTests - (combineMultivarRanges(runId=7)) DONE: returning resultatCombine: schema = struct<x000_from:double,x000_to:double,x001_from:double,x001_to:double,value:string> , mrqc=GenericHalfOpenIntervalQueryConfig(Map(x000_from -> (x000_to,HalfOpenInterval(-Infinity,Infinity)), x001_from -> (x001_to,HalfOpenInterval(-Infinity,Infinity))),List()) [ScalaTest-main-running-MultiVarHalfopenIntervalTests]
2026-08-12 11:43:23 INFO  MultiVarHalfopenIntervalTests - (hypercuboids2dataFrame) mrqc.numDimensions = 2 ; 1 hypercuboids given [ScalaTest-main-running-MultiVarHalfopenIntervalTests]

2026-08-12 11:43:25 INFO  MultiVarHalfopenIntervalTests - (getHyperdimDataFrame) 11 splitPts of dimensions 2: PointN(List(0.7638885872187402, 0.35109803381503835)), PointN(List(0.6961287156273483, 0.40825138407414996)), ... [ScalaTest-main-running-MultiVarHalfopenIntervalTests]
2026-08-12 11:43:25 INFO  MultiVarHalfopenIntervalTests - (withDefaultIntervalDef) numDim = 2 ; intervalDef = HalfOpenInterval(-Infinity,Infinity) [ScalaTest-main-running-MultiVarHalfopenIntervalTests]
2026-08-12 11:43:25 INFO  MultiVarHalfopenIntervalTests - (getHyperdimDataFrame) maxNumSplitCoords = 22 ; valueCol = A AS value ; mrqc = GenericHalfOpenIntervalQueryConfig(Map(x000_from -> (x000_to,HalfOpenInterval(-Infinity,Infinity)), x001_from -> (x001_to,HalfOpenInterval(-Infinity,Infinity))),List()) [ScalaTest-main-running-MultiVarHalfopenIntervalTests]
2026-08-12 11:43:25 INFO  MultiVarHalfopenIntervalTests - (hypercuboids2dataFrame) mrqc.numDimensions = 2 ; 34 hypercuboids given [ScalaTest-main-running-MultiVarHalfopenIntervalTests]
2026-08-12 11:43:25 INFO  MultiVarHalfopenIntervalTests - df.count() = 34 ; df.distinct().count() = 34 ; df.schema = struct<x000_from:double,x000_to:double,x001_from:double,x001_to:double,value:string> [ScalaTest-main-running-MultiVarHalfopenIntervalTests]
2026-08-12 11:43:28 INFO  MultiVarHalfopenIntervalTests - (combineMultivarRanges(runId=5)) DONE: returning resultatCombine: schema = struct<x000_from:double,x000_to:double,x001_from:double,x001_to:double,value:string> , mrqc=GenericHalfOpenIntervalQueryConfig(Map(x000_from -> (x000_to,HalfOpenInterval(-Infinity,Infinity)), x001_from -> (x001_to,HalfOpenInterval(-Infinity,Infinity))),List()) [ScalaTest-main-running-MultiVarHalfopenIntervalTests]
2026-08-12 11:43:28 INFO  MultiVarHalfopenIntervalTests - (hypercuboids2dataFrame) mrqc.numDimensions = 2 ; 1 hypercuboids given [ScalaTest-main-running-MultiVarHalfopenIntervalTests]

2026-08-12 11:43:29 INFO  MultiVarHalfopenIntervalTests - (getHyperdimDataFrame) 3 splitPts of dimensions 3: PointN(List(0.2519250787462999, 0.18413307619053862, 0.4050688193825992)), PointN(List(0.8686474976722426, 0.7359439280138708, 0.46683268690124746)), ... [ScalaTest-main-running-MultiVarHalfopenIntervalTests]
2026-08-12 11:43:29 INFO  MultiVarHalfopenIntervalTests - (withDefaultIntervalDef) numDim = 3 ; intervalDef = HalfOpenInterval(-Infinity,Infinity) [ScalaTest-main-running-MultiVarHalfopenIntervalTests]
2026-08-12 11:43:29 INFO  MultiVarHalfopenIntervalTests - (getHyperdimDataFrame) maxNumSplitCoords = 22 ; valueCol = A AS value ; mrqc = GenericHalfOpenIntervalQueryConfig(Map(x000_from -> (x000_to,HalfOpenInterval(-Infinity,Infinity)), x001_from -> (x001_to,HalfOpenInterval(-Infinity,Infinity)), x002_from -> (x002_to,HalfOpenInterval(-Infinity,Infinity))),List()) [ScalaTest-main-running-MultiVarHalfopenIntervalTests]
2026-08-12 11:43:29 INFO  MultiVarHalfopenIntervalTests - (hypercuboids2dataFrame) mrqc.numDimensions = 3 ; 22 hypercuboids given [ScalaTest-main-running-MultiVarHalfopenIntervalTests]
2026-08-12 11:43:30 INFO  MultiVarHalfopenIntervalTests - df.count() = 22 ; df.distinct().count() = 22 ; df.schema = struct<x000_from:double,x000_to:double,x001_from:double,x001_to:double,x002_from:double,x002_to:double,value:string> [ScalaTest-main-running-MultiVarHalfopenIntervalTests]
2026-08-12 11:43:32 INFO  MultiVarHalfopenIntervalTests - (combineMultivarRanges(runId=4)) DONE: returning resultatCombine: schema = struct<x000_from:double,x000_to:double,x001_from:double,x001_to:double,x002_from:double,x002_to:double,value:string> , mrqc=GenericHalfOpenIntervalQueryConfig(Map(x000_from -> (x000_to,HalfOpenInterval(-Infinity,Infinity)), x001_from -> (x001_to,HalfOpenInterval(-Infinity,Infinity)), x002_from -> (x002_to,HalfOpenInterval(-Infinity,Infinity))),List()) [ScalaTest-main-running-MultiVarHalfopenIntervalTests]
2026-08-12 11:43:32 INFO  MultiVarHalfopenIntervalTests - (hypercuboids2dataFrame) mrqc.numDimensions = 3 ; 1 hypercuboids given [ScalaTest-main-running-MultiVarHalfopenIntervalTests]

2026-08-12 11:43:34 INFO  MultiVarHalfopenIntervalTests - (getHyperdimDataFrame) 11 splitPts of dimensions 2: PointN(List(0.4109560225426311, 0.11752790168539713)), PointN(List(0.2230383256289038, 0.6645667080931019)), ... [ScalaTest-main-running-MultiVarHalfopenIntervalTests]
2026-08-12 11:43:34 INFO  MultiVarHalfopenIntervalTests - (withDefaultIntervalDef) numDim = 2 ; intervalDef = HalfOpenInterval(-Infinity,Infinity) [ScalaTest-main-running-MultiVarHalfopenIntervalTests]
2026-08-12 11:43:34 INFO  MultiVarHalfopenIntervalTests - (getHyperdimDataFrame) maxNumSplitCoords = 22 ; valueCol = A AS value ; mrqc = GenericHalfOpenIntervalQueryConfig(Map(x000_from -> (x000_to,HalfOpenInterval(-Infinity,Infinity)), x001_from -> (x001_to,HalfOpenInterval(-Infinity,Infinity))),List()) [ScalaTest-main-running-MultiVarHalfopenIntervalTests]
2026-08-12 11:43:34 INFO  MultiVarHalfopenIntervalTests - (hypercuboids2dataFrame) mrqc.numDimensions = 2 ; 34 hypercuboids given [ScalaTest-main-running-MultiVarHalfopenIntervalTests]
2026-08-12 11:43:34 INFO  MultiVarHalfopenIntervalTests - df.count() = 34 ; df.distinct().count() = 34 ; df.schema = struct<x000_from:double,x000_to:double,x001_from:double,x001_to:double,value:string> [ScalaTest-main-running-MultiVarHalfopenIntervalTests]
2026-08-12 11:43:39 INFO  MultiVarHalfopenIntervalTests - (combineMultivarRanges(runId=7)) DONE: returning resultatCombine: schema = struct<x000_from:double,x000_to:double,x001_from:double,x001_to:double,value:string> , mrqc=GenericHalfOpenIntervalQueryConfig(Map(x000_from -> (x000_to,HalfOpenInterval(-Infinity,Infinity)), x001_from -> (x001_to,HalfOpenInterval(-Infinity,Infinity))),List()) [ScalaTest-main-running-MultiVarHalfopenIntervalTests]
2026-08-12 11:43:39 INFO  MultiVarHalfopenIntervalTests - (hypercuboids2dataFrame) mrqc.numDimensions = 2 ; 1 hypercuboids given [ScalaTest-main-running-MultiVarHalfopenIntervalTests]

2026-08-12 11:43:41 INFO  MultiVarHalfopenIntervalTests - (getHyperdimDataFrame) 11 splitPts of dimensions 2: PointN(List(0.566526437608376, 0.639368030703371)), PointN(List(0.2803498776952627, 0.6169691235351302)), ... [ScalaTest-main-running-MultiVarHalfopenIntervalTests]
2026-08-12 11:43:41 INFO  MultiVarHalfopenIntervalTests - (withDefaultIntervalDef) numDim = 2 ; intervalDef = HalfOpenInterval(-Infinity,Infinity) [ScalaTest-main-running-MultiVarHalfopenIntervalTests]
2026-08-12 11:43:41 INFO  MultiVarHalfopenIntervalTests - (getHyperdimDataFrame) maxNumSplitCoords = 22 ; valueCol = A AS value ; mrqc = GenericHalfOpenIntervalQueryConfig(Map(x000_from -> (x000_to,HalfOpenInterval(-Infinity,Infinity)), x001_from -> (x001_to,HalfOpenInterval(-Infinity,Infinity))),List()) [ScalaTest-main-running-MultiVarHalfopenIntervalTests]
2026-08-12 11:43:41 INFO  MultiVarHalfopenIntervalTests - (hypercuboids2dataFrame) mrqc.numDimensions = 2 ; 34 hypercuboids given [ScalaTest-main-running-MultiVarHalfopenIntervalTests]
2026-08-12 11:43:41 INFO  MultiVarHalfopenIntervalTests - df.count() = 34 ; df.distinct().count() = 34 ; df.schema = struct<x000_from:double,x000_to:double,x001_from:double,x001_to:double,value:string> [ScalaTest-main-running-MultiVarHalfopenIntervalTests]
2026-08-12 11:43:46 INFO  MultiVarHalfopenIntervalTests - (combineMultivarRanges(runId=7)) DONE: returning resultatCombine: schema = struct<x000_from:double,x000_to:double,x001_from:double,x001_to:double,value:string> , mrqc=GenericHalfOpenIntervalQueryConfig(Map(x000_from -> (x000_to,HalfOpenInterval(-Infinity,Infinity)), x001_from -> (x001_to,HalfOpenInterval(-Infinity,Infinity))),List()) [ScalaTest-main-running-MultiVarHalfopenIntervalTests]
2026-08-12 11:43:46 INFO  MultiVarHalfopenIntervalTests - (hypercuboids2dataFrame) mrqc.numDimensions = 2 ; 1 hypercuboids given [ScalaTest-main-running-MultiVarHalfopenIntervalTests]

2026-08-12 11:43:48 INFO  MultiVarHalfopenIntervalTests - (getHyperdimDataFrame) 11 splitPts of dimensions 2: PointN(List(0.8845762728347155, 0.8612098818859086)), PointN(List(0.6219577121146289, 0.5133852859106272)), ... [ScalaTest-main-running-MultiVarHalfopenIntervalTests]
2026-08-12 11:43:48 INFO  MultiVarHalfopenIntervalTests - (withDefaultIntervalDef) numDim = 2 ; intervalDef = HalfOpenInterval(-Infinity,Infinity) [ScalaTest-main-running-MultiVarHalfopenIntervalTests]
2026-08-12 11:43:48 INFO  MultiVarHalfopenIntervalTests - (getHyperdimDataFrame) maxNumSplitCoords = 22 ; valueCol = A AS value ; mrqc = GenericHalfOpenIntervalQueryConfig(Map(x000_from -> (x000_to,HalfOpenInterval(-Infinity,Infinity)), x001_from -> (x001_to,HalfOpenInterval(-Infinity,Infinity))),List()) [ScalaTest-main-running-MultiVarHalfopenIntervalTests]
2026-08-12 11:43:48 INFO  MultiVarHalfopenIntervalTests - (hypercuboids2dataFrame) mrqc.numDimensions = 2 ; 34 hypercuboids given [ScalaTest-main-running-MultiVarHalfopenIntervalTests]
2026-08-12 11:43:48 INFO  MultiVarHalfopenIntervalTests - df.count() = 34 ; df.distinct().count() = 34 ; df.schema = struct<x000_from:double,x000_to:double,x001_from:double,x001_to:double,value:string> [ScalaTest-main-running-MultiVarHalfopenIntervalTests]
2026-08-12 11:43:51 INFO  MultiVarHalfopenIntervalTests - (combineMultivarRanges(runId=6)) DONE: returning resultatCombine: schema = struct<x000_from:double,x000_to:double,x001_from:double,x001_to:double,value:string> , mrqc=GenericHalfOpenIntervalQueryConfig(Map(x000_from -> (x000_to,HalfOpenInterval(-Infinity,Infinity)), x001_from -> (x001_to,HalfOpenInterval(-Infinity,Infinity))),List()) [ScalaTest-main-running-MultiVarHalfopenIntervalTests]
2026-08-12 11:43:51 INFO  MultiVarHalfopenIntervalTests - (hypercuboids2dataFrame) mrqc.numDimensions = 2 ; 1 hypercuboids given [ScalaTest-main-running-MultiVarHalfopenIntervalTests]

2026-08-12 11:43:53 INFO  MultiVarHalfopenIntervalTests - (getHyperdimDataFrame) 3 splitPts of dimensions 3: PointN(List(0.6152836658799599, 0.5277442086272991, 0.7544733719709622)), PointN(List(0.13931587221009264, 0.3013601971962111, 0.19107833046353823)), ... [ScalaTest-main-running-MultiVarHalfopenIntervalTests]
2026-08-12 11:43:53 INFO  MultiVarHalfopenIntervalTests - (withDefaultIntervalDef) numDim = 3 ; intervalDef = HalfOpenInterval(-Infinity,Infinity) [ScalaTest-main-running-MultiVarHalfopenIntervalTests]
2026-08-12 11:43:53 INFO  MultiVarHalfopenIntervalTests - (getHyperdimDataFrame) maxNumSplitCoords = 22 ; valueCol = A AS value ; mrqc = GenericHalfOpenIntervalQueryConfig(Map(x000_from -> (x000_to,HalfOpenInterval(-Infinity,Infinity)), x001_from -> (x001_to,HalfOpenInterval(-Infinity,Infinity)), x002_from -> (x002_to,HalfOpenInterval(-Infinity,Infinity))),List()) [ScalaTest-main-running-MultiVarHalfopenIntervalTests]
2026-08-12 11:43:53 INFO  MultiVarHalfopenIntervalTests - (hypercuboids2dataFrame) mrqc.numDimensions = 3 ; 22 hypercuboids given [ScalaTest-main-running-MultiVarHalfopenIntervalTests]
2026-08-12 11:43:53 INFO  MultiVarHalfopenIntervalTests - df.count() = 22 ; df.distinct().count() = 22 ; df.schema = struct<x000_from:double,x000_to:double,x001_from:double,x001_to:double,x002_from:double,x002_to:double,value:string> [ScalaTest-main-running-MultiVarHalfopenIntervalTests]
2026-08-12 11:43:55 INFO  MultiVarHalfopenIntervalTests - (combineMultivarRanges(runId=4)) DONE: returning resultatCombine: schema = struct<x000_from:double,x000_to:double,x001_from:double,x001_to:double,x002_from:double,x002_to:double,value:string> , mrqc=GenericHalfOpenIntervalQueryConfig(Map(x000_from -> (x000_to,HalfOpenInterval(-Infinity,Infinity)), x001_from -> (x001_to,HalfOpenInterval(-Infinity,Infinity)), x002_from -> (x002_to,HalfOpenInterval(-Infinity,Infinity))),List()) [ScalaTest-main-running-MultiVarHalfopenIntervalTests]
2026-08-12 11:43:55 INFO  MultiVarHalfopenIntervalTests - (hypercuboids2dataFrame) mrqc.numDimensions = 3 ; 1 hypercuboids given [ScalaTest-main-running-MultiVarHalfopenIntervalTests]

- should combine everything possible of every generated dataFrame
rangeinnerJoin with itself
2026-08-12 11:43:57 INFO  MultiVarHalfopenIntervalTests - (getHyperdimDataFrame) 1 splitPts of dimensions 1: PointN(List(0.645719570165903)), ... [ScalaTest-main-running-MultiVarHalfopenIntervalTests]
2026-08-12 11:43:57 INFO  MultiVarHalfopenIntervalTests - (withDefaultIntervalDef) numDim = 1 ; intervalDef = HalfOpenInterval(-Infinity,Infinity) [ScalaTest-main-running-MultiVarHalfopenIntervalTests]
2026-08-12 11:43:57 INFO  MultiVarHalfopenIntervalTests - (getHyperdimDataFrame) maxNumSplitCoords = 16 ; valueCol = (x000_from + x000_to) AS value ; mrqc = GenericHalfOpenIntervalQueryConfig(Map(x000_from -> (x000_to,HalfOpenInterval(-Infinity,Infinity))),List()) [ScalaTest-main-running-MultiVarHalfopenIntervalTests]
2026-08-12 11:43:57 INFO  MultiVarHalfopenIntervalTests - (hypercuboids2dataFrame) mrqc.numDimensions = 1 ; 2 hypercuboids given [ScalaTest-main-running-MultiVarHalfopenIntervalTests]
2026-08-12 11:43:57 INFO  MultiVarHalfopenIntervalTests - df.count() = 2 ; df.distinct().count() = 2 ; df.schema = struct<x000_from:double,x000_to:double,value:double> [ScalaTest-main-running-MultiVarHalfopenIntervalTests]
2026-08-12 11:43:57 INFO  MultiVarHalfopenIntervalTests - (joinRanges) dfJoined.schema = struct<x000_from:double,x000_to:double,value_l:double,id__1:boolean,x000_from2:double,x000_to2:double,value_r:double,id__2:boolean> ; selCols = coalesce(id__1, id__2) AS id,value_l,value_r,greatest(x000_from, x000_from2) AS x000_from,least(x000_to, x000_to2) AS x000_to [ScalaTest-main-running-MultiVarHalfopenIntervalTests]

2026-08-12 11:43:57 INFO  MultiVarHalfopenIntervalTests - (getHyperdimDataFrame) 3 splitPts of dimensions 2: PointN(List(0.5111662276383846, 0.7271402116470949)), PointN(List(0.6041469657129672, 0.6186367287942336)), ... [ScalaTest-main-running-MultiVarHalfopenIntervalTests]
2026-08-12 11:43:57 INFO  MultiVarHalfopenIntervalTests - (withDefaultIntervalDef) numDim = 2 ; intervalDef = HalfOpenInterval(-Infinity,Infinity) [ScalaTest-main-running-MultiVarHalfopenIntervalTests]
2026-08-12 11:43:57 INFO  MultiVarHalfopenIntervalTests - (getHyperdimDataFrame) maxNumSplitCoords = 16 ; valueCol = (x000_from + x000_to) AS value ; mrqc = GenericHalfOpenIntervalQueryConfig(Map(x000_from -> (x000_to,HalfOpenInterval(-Infinity,Infinity)), x001_from -> (x001_to,HalfOpenInterval(-Infinity,Infinity))),List()) [ScalaTest-main-running-MultiVarHalfopenIntervalTests]
2026-08-12 11:43:57 INFO  MultiVarHalfopenIntervalTests - (hypercuboids2dataFrame) mrqc.numDimensions = 2 ; 10 hypercuboids given [ScalaTest-main-running-MultiVarHalfopenIntervalTests]
2026-08-12 11:43:57 INFO  MultiVarHalfopenIntervalTests - df.count() = 10 ; df.distinct().count() = 10 ; df.schema = struct<x000_from:double,x000_to:double,x001_from:double,x001_to:double,value:double> [ScalaTest-main-running-MultiVarHalfopenIntervalTests]
2026-08-12 11:43:57 INFO  MultiVarHalfopenIntervalTests - (joinRanges) dfJoined.schema = struct<x000_from:double,x000_to:double,x001_from:double,x001_to:double,value_l:double,id__1:boolean,x000_from2:double,x000_to2:double,x001_from2:double,x001_to2:double,value_r:double,id__2:boolean> ; selCols = coalesce(id__1, id__2) AS id,value_l,value_r,greatest(x000_from, x000_from2) AS x000_from,least(x000_to, x000_to2) AS x000_to,greatest(x001_from, x001_from2) AS x001_from,least(x001_to, x001_to2) AS x001_to [ScalaTest-main-running-MultiVarHalfopenIntervalTests]

2026-08-12 11:43:58 INFO  MultiVarHalfopenIntervalTests - (getHyperdimDataFrame) 1 splitPts of dimensions 11: PointN(List(0.7029609901795876, 0.3688001871803567, 0.7859394635879764, 0.2699123397919121, 0.20874094186673542, 0.275772206528526, 0.8028508648879581, 0.661454348231349, 0.6447445282797414, 0.23179553151640386, 0.5292466115730287)), ... [ScalaTest-main-running-MultiVarHalfopenIntervalTests]
2026-08-12 11:43:58 INFO  MultiVarHalfopenIntervalTests - (withDefaultIntervalDef) numDim = 11 ; intervalDef = HalfOpenInterval(-Infinity,Infinity) [ScalaTest-main-running-MultiVarHalfopenIntervalTests]
2026-08-12 11:43:58 INFO  MultiVarHalfopenIntervalTests - (getHyperdimDataFrame) maxNumSplitCoords = 16 ; valueCol = (x000_from + x000_to) AS value ; mrqc = GenericHalfOpenIntervalQueryConfig(HashMap(x001_from -> (x001_to,HalfOpenInterval(-Infinity,Infinity)), x003_from -> (x003_to,HalfOpenInterval(-Infinity,Infinity)), x010_from -> (x010_to,HalfOpenInterval(-Infinity,Infinity)), x002_from -> (x002_to,HalfOpenInterval(-Infinity,Infinity)), x006_from -> (x006_to,HalfOpenInterval(-Infinity,Infinity)), x008_from -> (x008_to,HalfOpenInterval(-Infinity,Infinity)), x009_from -> (x009_to,HalfOpenInterval(-Infinity,Infinity)), x007_from -> (x007_to,HalfOpenInterval(-Infinity,Infinity)), x005_from -> (x005_to,HalfOpenInterval(-Infinity,Infinity)), x000_from -> (x000_to,HalfOpenInterval(-Infinity,Infinity)), x004_from -> (x004_to,HalfOpenInterval(-Infinity,Infinity))),List()) [ScalaTest-main-running-MultiVarHalfopenIntervalTests]
2026-08-12 11:43:58 INFO  MultiVarHalfopenIntervalTests - (hypercuboids2dataFrame) mrqc.numDimensions = 11 ; 2048 hypercuboids given [ScalaTest-main-running-MultiVarHalfopenIntervalTests]
2026-08-12 11:43:58 INFO  MultiVarHalfopenIntervalTests - df.count() = 2048 ; df.distinct().count() = 2048 ; df.schema = struct<x000_from:double,x000_to:double,x001_from:double,x001_to:double,x002_from:double,x002_to:double,x003_from:double,x003_to:double,x004_from:double,x004_to:double,x005_from:double,x005_to:double,x006_from:double,x006_to:double,x007_from:double,x007_to:double,x008_from:double,x008_to:double,x009_from:double,x009_to:double,x010_from:double,x010_to:double,value:double> [ScalaTest-main-running-MultiVarHalfopenIntervalTests]
2026-08-12 11:43:58 INFO  MultiVarHalfopenIntervalTests - (joinRanges) dfJoined.schema = struct<x000_from:double,x000_to:double,x001_from:double,x001_to:double,x002_from:double,x002_to:double,x003_from:double,x003_to:double,x004_from:double,x004_to:double,x005_from:double,x005_to:double,x006_from:double,x006_to:double,x007_from:double,x007_to:double,x008_from:double,x008_to:double,x009_from:double,x009_to:double,x010_from:double,x010_to:double,value_l:double,id__1:boolean,x000_from2:double,x000_to2:double,x001_from2:double,x001_to2:double,x002_from2:double,x002_to2:double,x003_from2:double,x003_to2:double,x004_from2:double,x004_to2:double,x005_from2:double,x005_to2:double,x006_from2:double,x006_to2:double,x007_from2:double,x007_to2:double,x008_from2:double,x008_to2:double,x009_from2:double,x009_to2:double,x010_from2:double,x010_to2:double,value_r:double,id__2:boolean> ; selCols = coalesce(id__1, id__2) AS id,value_l,value_r,greatest(x000_from, x000_from2) AS x000_from,least(x000_to, x000_to2) AS x000_to,greatest(x001_from, x001_from2) AS x001_from,least(x001_to, x001_to2) AS x001_to,greatest(x002_from, x002_from2) AS x002_from,least(x002_to, x002_to2) AS x002_to,greatest(x003_from, x003_from2) AS x003_from,least(x003_to, x003_to2) AS x003_to,greatest(x004_from, x004_from2) AS x004_from,least(x004_to, x004_to2) AS x004_to,greatest(x005_from, x005_from2) AS x005_from,least(x005_to, x005_to2) AS x005_to,greatest(x006_from, x006_from2) AS x006_from,least(x006_to, x006_to2) AS x006_to,greatest(x007_from, x007_from2) AS x007_from,least(x007_to, x007_to2) AS x007_to,greatest(x008_from, x008_from2) AS x008_from,least(x008_to, x008_to2) AS x008_to,greatest(x009_from, x009_from2) AS x009_from,least(x009_to, x009_to2) AS x009_to,greatest(x010_from, x010_from2) AS x010_from,least(x010_to, x010_to2) AS x010_to [ScalaTest-main-running-MultiVarHalfopenIntervalTests]

2026-08-12 11:43:59 INFO  MultiVarHalfopenIntervalTests - (getHyperdimDataFrame) 8 splitPts of dimensions 2: PointN(List(0.32044596762472166, 0.8190357921440985)), PointN(List(0.6634185781350912, 0.6446955690552445)), ... [ScalaTest-main-running-MultiVarHalfopenIntervalTests]
2026-08-12 11:43:59 INFO  MultiVarHalfopenIntervalTests - (withDefaultIntervalDef) numDim = 2 ; intervalDef = HalfOpenInterval(-Infinity,Infinity) [ScalaTest-main-running-MultiVarHalfopenIntervalTests]
2026-08-12 11:43:59 INFO  MultiVarHalfopenIntervalTests - (getHyperdimDataFrame) maxNumSplitCoords = 16 ; valueCol = (x000_from + x000_to) AS value ; mrqc = GenericHalfOpenIntervalQueryConfig(Map(x000_from -> (x000_to,HalfOpenInterval(-Infinity,Infinity)), x001_from -> (x001_to,HalfOpenInterval(-Infinity,Infinity))),List()) [ScalaTest-main-running-MultiVarHalfopenIntervalTests]
2026-08-12 11:43:59 INFO  MultiVarHalfopenIntervalTests - (hypercuboids2dataFrame) mrqc.numDimensions = 2 ; 25 hypercuboids given [ScalaTest-main-running-MultiVarHalfopenIntervalTests]
2026-08-12 11:43:59 INFO  MultiVarHalfopenIntervalTests - df.count() = 25 ; df.distinct().count() = 25 ; df.schema = struct<x000_from:double,x000_to:double,x001_from:double,x001_to:double,value:double> [ScalaTest-main-running-MultiVarHalfopenIntervalTests]
2026-08-12 11:44:00 INFO  MultiVarHalfopenIntervalTests - (joinRanges) dfJoined.schema = struct<x000_from:double,x000_to:double,x001_from:double,x001_to:double,value_l:double,id__1:boolean,x000_from2:double,x000_to2:double,x001_from2:double,x001_to2:double,value_r:double,id__2:boolean> ; selCols = coalesce(id__1, id__2) AS id,value_l,value_r,greatest(x000_from, x000_from2) AS x000_from,least(x000_to, x000_to2) AS x000_to,greatest(x001_from, x001_from2) AS x001_from,least(x001_to, x001_to2) AS x001_to [ScalaTest-main-running-MultiVarHalfopenIntervalTests]

2026-08-12 11:44:00 INFO  MultiVarHalfopenIntervalTests - (getHyperdimDataFrame) 1 splitPts of dimensions 11: PointN(List(0.6951510966721814, 0.7121999474941467, 0.6380531143589638, 0.6864024292638623, 0.7810584640887671, 0.10588315037181922, 0.5957017246354974, 0.27637604769705115, 0.7432299035330849, 0.5948094922050013, 0.7807344800504363)), ... [ScalaTest-main-running-MultiVarHalfopenIntervalTests]
2026-08-12 11:44:00 INFO  MultiVarHalfopenIntervalTests - (withDefaultIntervalDef) numDim = 11 ; intervalDef = HalfOpenInterval(-Infinity,Infinity) [ScalaTest-main-running-MultiVarHalfopenIntervalTests]
2026-08-12 11:44:00 INFO  MultiVarHalfopenIntervalTests - (getHyperdimDataFrame) maxNumSplitCoords = 16 ; valueCol = (x000_from + x000_to) AS value ; mrqc = GenericHalfOpenIntervalQueryConfig(HashMap(x001_from -> (x001_to,HalfOpenInterval(-Infinity,Infinity)), x003_from -> (x003_to,HalfOpenInterval(-Infinity,Infinity)), x010_from -> (x010_to,HalfOpenInterval(-Infinity,Infinity)), x002_from -> (x002_to,HalfOpenInterval(-Infinity,Infinity)), x006_from -> (x006_to,HalfOpenInterval(-Infinity,Infinity)), x008_from -> (x008_to,HalfOpenInterval(-Infinity,Infinity)), x009_from -> (x009_to,HalfOpenInterval(-Infinity,Infinity)), x007_from -> (x007_to,HalfOpenInterval(-Infinity,Infinity)), x005_from -> (x005_to,HalfOpenInterval(-Infinity,Infinity)), x000_from -> (x000_to,HalfOpenInterval(-Infinity,Infinity)), x004_from -> (x004_to,HalfOpenInterval(-Infinity,Infinity))),List()) [ScalaTest-main-running-MultiVarHalfopenIntervalTests]
2026-08-12 11:44:00 INFO  MultiVarHalfopenIntervalTests - (hypercuboids2dataFrame) mrqc.numDimensions = 11 ; 2048 hypercuboids given [ScalaTest-main-running-MultiVarHalfopenIntervalTests]
2026-08-12 11:44:00 INFO  MultiVarHalfopenIntervalTests - df.count() = 2048 ; df.distinct().count() = 2048 ; df.schema = struct<x000_from:double,x000_to:double,x001_from:double,x001_to:double,x002_from:double,x002_to:double,x003_from:double,x003_to:double,x004_from:double,x004_to:double,x005_from:double,x005_to:double,x006_from:double,x006_to:double,x007_from:double,x007_to:double,x008_from:double,x008_to:double,x009_from:double,x009_to:double,x010_from:double,x010_to:double,value:double> [ScalaTest-main-running-MultiVarHalfopenIntervalTests]
2026-08-12 11:44:00 INFO  MultiVarHalfopenIntervalTests - (joinRanges) dfJoined.schema = struct<x000_from:double,x000_to:double,x001_from:double,x001_to:double,x002_from:double,x002_to:double,x003_from:double,x003_to:double,x004_from:double,x004_to:double,x005_from:double,x005_to:double,x006_from:double,x006_to:double,x007_from:double,x007_to:double,x008_from:double,x008_to:double,x009_from:double,x009_to:double,x010_from:double,x010_to:double,value_l:double,id__1:boolean,x000_from2:double,x000_to2:double,x001_from2:double,x001_to2:double,x002_from2:double,x002_to2:double,x003_from2:double,x003_to2:double,x004_from2:double,x004_to2:double,x005_from2:double,x005_to2:double,x006_from2:double,x006_to2:double,x007_from2:double,x007_to2:double,x008_from2:double,x008_to2:double,x009_from2:double,x009_to2:double,x010_from2:double,x010_to2:double,value_r:double,id__2:boolean> ; selCols = coalesce(id__1, id__2) AS id,value_l,value_r,greatest(x000_from, x000_from2) AS x000_from,least(x000_to, x000_to2) AS x000_to,greatest(x001_from, x001_from2) AS x001_from,least(x001_to, x001_to2) AS x001_to,greatest(x002_from, x002_from2) AS x002_from,least(x002_to, x002_to2) AS x002_to,greatest(x003_from, x003_from2) AS x003_from,least(x003_to, x003_to2) AS x003_to,greatest(x004_from, x004_from2) AS x004_from,least(x004_to, x004_to2) AS x004_to,greatest(x005_from, x005_from2) AS x005_from,least(x005_to, x005_to2) AS x005_to,greatest(x006_from, x006_from2) AS x006_from,least(x006_to, x006_to2) AS x006_to,greatest(x007_from, x007_from2) AS x007_from,least(x007_to, x007_to2) AS x007_to,greatest(x008_from, x008_from2) AS x008_from,least(x008_to, x008_to2) AS x008_to,greatest(x009_from, x009_from2) AS x009_from,least(x009_to, x009_to2) AS x009_to,greatest(x010_from, x010_from2) AS x010_from,least(x010_to, x010_to2) AS x010_to [ScalaTest-main-running-MultiVarHalfopenIntervalTests]

2026-08-12 11:44:01 INFO  MultiVarHalfopenIntervalTests - (getHyperdimDataFrame) 8 splitPts of dimensions 2: PointN(List(0.6150331385815847, 0.7648392926680925)), PointN(List(0.8110933152864436, 0.4250823962871978)), ... [ScalaTest-main-running-MultiVarHalfopenIntervalTests]
2026-08-12 11:44:01 INFO  MultiVarHalfopenIntervalTests - (withDefaultIntervalDef) numDim = 2 ; intervalDef = HalfOpenInterval(-Infinity,Infinity) [ScalaTest-main-running-MultiVarHalfopenIntervalTests]
2026-08-12 11:44:01 INFO  MultiVarHalfopenIntervalTests - (getHyperdimDataFrame) maxNumSplitCoords = 16 ; valueCol = (x000_from + x000_to) AS value ; mrqc = GenericHalfOpenIntervalQueryConfig(Map(x000_from -> (x000_to,HalfOpenInterval(-Infinity,Infinity)), x001_from -> (x001_to,HalfOpenInterval(-Infinity,Infinity))),List()) [ScalaTest-main-running-MultiVarHalfopenIntervalTests]
2026-08-12 11:44:01 INFO  MultiVarHalfopenIntervalTests - (hypercuboids2dataFrame) mrqc.numDimensions = 2 ; 25 hypercuboids given [ScalaTest-main-running-MultiVarHalfopenIntervalTests]
2026-08-12 11:44:01 INFO  MultiVarHalfopenIntervalTests - df.count() = 25 ; df.distinct().count() = 25 ; df.schema = struct<x000_from:double,x000_to:double,x001_from:double,x001_to:double,value:double> [ScalaTest-main-running-MultiVarHalfopenIntervalTests]
2026-08-12 11:44:01 INFO  MultiVarHalfopenIntervalTests - (joinRanges) dfJoined.schema = struct<x000_from:double,x000_to:double,x001_from:double,x001_to:double,value_l:double,id__1:boolean,x000_from2:double,x000_to2:double,x001_from2:double,x001_to2:double,value_r:double,id__2:boolean> ; selCols = coalesce(id__1, id__2) AS id,value_l,value_r,greatest(x000_from, x000_from2) AS x000_from,least(x000_to, x000_to2) AS x000_to,greatest(x001_from, x001_from2) AS x001_from,least(x001_to, x001_to2) AS x001_to [ScalaTest-main-running-MultiVarHalfopenIntervalTests]

2026-08-12 11:44:01 INFO  MultiVarHalfopenIntervalTests - (getHyperdimDataFrame) 8 splitPts of dimensions 2: PointN(List(0.5259273764510717, 0.4921957767368945)), PointN(List(0.8983405915976749, 0.12827580919307727)), ... [ScalaTest-main-running-MultiVarHalfopenIntervalTests]
2026-08-12 11:44:01 INFO  MultiVarHalfopenIntervalTests - (withDefaultIntervalDef) numDim = 2 ; intervalDef = HalfOpenInterval(-Infinity,Infinity) [ScalaTest-main-running-MultiVarHalfopenIntervalTests]
2026-08-12 11:44:01 INFO  MultiVarHalfopenIntervalTests - (getHyperdimDataFrame) maxNumSplitCoords = 16 ; valueCol = (x000_from + x000_to) AS value ; mrqc = GenericHalfOpenIntervalQueryConfig(Map(x000_from -> (x000_to,HalfOpenInterval(-Infinity,Infinity)), x001_from -> (x001_to,HalfOpenInterval(-Infinity,Infinity))),List()) [ScalaTest-main-running-MultiVarHalfopenIntervalTests]
2026-08-12 11:44:01 INFO  MultiVarHalfopenIntervalTests - (hypercuboids2dataFrame) mrqc.numDimensions = 2 ; 25 hypercuboids given [ScalaTest-main-running-MultiVarHalfopenIntervalTests]
2026-08-12 11:44:01 INFO  MultiVarHalfopenIntervalTests - df.count() = 25 ; df.distinct().count() = 25 ; df.schema = struct<x000_from:double,x000_to:double,x001_from:double,x001_to:double,value:double> [ScalaTest-main-running-MultiVarHalfopenIntervalTests]
2026-08-12 11:44:01 INFO  MultiVarHalfopenIntervalTests - (joinRanges) dfJoined.schema = struct<x000_from:double,x000_to:double,x001_from:double,x001_to:double,value_l:double,id__1:boolean,x000_from2:double,x000_to2:double,x001_from2:double,x001_to2:double,value_r:double,id__2:boolean> ; selCols = coalesce(id__1, id__2) AS id,value_l,value_r,greatest(x000_from, x000_from2) AS x000_from,least(x000_to, x000_to2) AS x000_to,greatest(x001_from, x001_from2) AS x001_from,least(x001_to, x001_to2) AS x001_to [ScalaTest-main-running-MultiVarHalfopenIntervalTests]

2026-08-12 11:44:01 INFO  MultiVarHalfopenIntervalTests - (getHyperdimDataFrame) 1 splitPts of dimensions 13: PointN(List(0.557522476703203, 0.7068508276536186, 0.7265498372805287, 0.8277844312698032, 0.7655115828440576, 0.7998134500749838, 0.6333319339781676, 0.4945940288472096, 0.44961608483594706, 0.4789317834789578, 0.8178966169183768, 0.4928785852660178, 0.8627333224612299)), ... [ScalaTest-main-running-MultiVarHalfopenIntervalTests]
2026-08-12 11:44:01 INFO  MultiVarHalfopenIntervalTests - (withDefaultIntervalDef) numDim = 13 ; intervalDef = HalfOpenInterval(-Infinity,Infinity) [ScalaTest-main-running-MultiVarHalfopenIntervalTests]
2026-08-12 11:44:01 INFO  MultiVarHalfopenIntervalTests - (getHyperdimDataFrame) maxNumSplitCoords = 16 ; valueCol = (x000_from + x000_to) AS value ; mrqc = GenericHalfOpenIntervalQueryConfig(HashMap(x001_from -> (x001_to,HalfOpenInterval(-Infinity,Infinity)), x003_from -> (x003_to,HalfOpenInterval(-Infinity,Infinity)), x010_from -> (x010_to,HalfOpenInterval(-Infinity,Infinity)), x002_from -> (x002_to,HalfOpenInterval(-Infinity,Infinity)), x006_from -> (x006_to,HalfOpenInterval(-Infinity,Infinity)), x008_from -> (x008_to,HalfOpenInterval(-Infinity,Infinity)), x012_from -> (x012_to,HalfOpenInterval(-Infinity,Infinity)), x009_from -> (x009_to,HalfOpenInterval(-Infinity,Infinity)), x007_from -> (x007_to,HalfOpenInterval(-Infinity,Infinity)), x011_from -> (x011_to,HalfOpenInterval(-Infinity,Infinity)), x005_from -> (x005_to,HalfOpenInterval(-Infinity,Infinity)), x000_from -> (x000_to,HalfOpenInterval(-Infinity,Infinity)), x004_from -> (x004_to,HalfOpenInterval(-Infinity,Infinity))),List()) [ScalaTest-main-running-MultiVarHalfopenIntervalTests]
2026-08-12 11:44:01 INFO  MultiVarHalfopenIntervalTests - (hypercuboids2dataFrame) mrqc.numDimensions = 13 ; 8192 hypercuboids given [ScalaTest-main-running-MultiVarHalfopenIntervalTests]
2026-08-12 11:44:01 INFO  MultiVarHalfopenIntervalTests - df.count() = 8192 ; df.distinct().count() = 8192 ; df.schema = struct<x000_from:double,x000_to:double,x001_from:double,x001_to:double,x002_from:double,x002_to:double,x003_from:double,x003_to:double,x004_from:double,x004_to:double,x005_from:double,x005_to:double,x006_from:double,x006_to:double,x007_from:double,x007_to:double,x008_from:double,x008_to:double,x009_from:double,x009_to:double,x010_from:double,x010_to:double,x011_from:double,x011_to:double,x012_from:double,x012_to:double,value:double> [ScalaTest-main-running-MultiVarHalfopenIntervalTests]
2026-08-12 11:44:01 INFO  MultiVarHalfopenIntervalTests - (joinRanges) dfJoined.schema = struct<x000_from:double,x000_to:double,x001_from:double,x001_to:double,x002_from:double,x002_to:double,x003_from:double,x003_to:double,x004_from:double,x004_to:double,x005_from:double,x005_to:double,x006_from:double,x006_to:double,x007_from:double,x007_to:double,x008_from:double,x008_to:double,x009_from:double,x009_to:double,x010_from:double,x010_to:double,x011_from:double,x011_to:double,x012_from:double,x012_to:double,value_l:double,id__1:boolean,x000_from2:double,x000_to2:double,x001_from2:double,x001_to2:double,x002_from2:double,x002_to2:double,x003_from2:double,x003_to2:double,x004_from2:double,x004_to2:double,x005_from2:double,x005_to2:double,x006_from2:double,x006_to2:double,x007_from2:double,x007_to2:double,x008_from2:double,x008_to2:double,x009_from2:double,x009_to2:double,x010_from2:double,x010_to2:double,x011_from2:double,x011_to2:double,x012_from2:double,x012_to2:double,value_r:double,id__2:boolean> ; selCols = coalesce(id__1, id__2) AS id,value_l,value_r,greatest(x000_from, x000_from2) AS x000_from,least(x000_to, x000_to2) AS x000_to,greatest(x001_from, x001_from2) AS x001_from,least(x001_to, x001_to2) AS x001_to,greatest(x002_from, x002_from2) AS x002_from,least(x002_to, x002_to2) AS x002_to,greatest(x003_from, x003_from2) AS x003_from,least(x003_to, x003_to2) AS x003_to,greatest(x004_from, x004_from2) AS x004_from,least(x004_to, x004_to2) AS x004_to,greatest(x005_from, x005_from2) AS x005_from,least(x005_to, x005_to2) AS x005_to,greatest(x006_from, x006_from2) AS x006_from,least(x006_to, x006_to2) AS x006_to,greatest(x007_from, x007_from2) AS x007_from,least(x007_to, x007_to2) AS x007_to,greatest(x008_from, x008_from2) AS x008_from,least(x008_to, x008_to2) AS x008_to,greatest(x009_from, x009_from2) AS x009_from,least(x009_to, x009_to2) AS x009_to,greatest(x010_from, x010_from2) AS x010_from,least(x010_to, x010_to2) AS x010_to,greatest(x011_from, x011_from2) AS x011_from,least(x011_to, x011_to2) AS x011_to,greatest(x012_from, x012_from2) AS x012_from,least(x012_to, x012_to2) AS x012_to [ScalaTest-main-running-MultiVarHalfopenIntervalTests]

2026-08-12 11:44:13 INFO  MultiVarHalfopenIntervalTests - (getHyperdimDataFrame) 8 splitPts of dimensions 2: PointN(List(0.25290067585388887, 0.7286088640503005)), PointN(List(0.6890364902980324, 0.1153819278033538)), ... [ScalaTest-main-running-MultiVarHalfopenIntervalTests]
2026-08-12 11:44:13 INFO  MultiVarHalfopenIntervalTests - (withDefaultIntervalDef) numDim = 2 ; intervalDef = HalfOpenInterval(-Infinity,Infinity) [ScalaTest-main-running-MultiVarHalfopenIntervalTests]
2026-08-12 11:44:13 INFO  MultiVarHalfopenIntervalTests - (getHyperdimDataFrame) maxNumSplitCoords = 16 ; valueCol = (x000_from + x000_to) AS value ; mrqc = GenericHalfOpenIntervalQueryConfig(Map(x000_from -> (x000_to,HalfOpenInterval(-Infinity,Infinity)), x001_from -> (x001_to,HalfOpenInterval(-Infinity,Infinity))),List()) [ScalaTest-main-running-MultiVarHalfopenIntervalTests]
2026-08-12 11:44:13 INFO  MultiVarHalfopenIntervalTests - (hypercuboids2dataFrame) mrqc.numDimensions = 2 ; 25 hypercuboids given [ScalaTest-main-running-MultiVarHalfopenIntervalTests]
2026-08-12 11:44:13 INFO  MultiVarHalfopenIntervalTests - df.count() = 25 ; df.distinct().count() = 25 ; df.schema = struct<x000_from:double,x000_to:double,x001_from:double,x001_to:double,value:double> [ScalaTest-main-running-MultiVarHalfopenIntervalTests]
2026-08-12 11:44:13 INFO  MultiVarHalfopenIntervalTests - (joinRanges) dfJoined.schema = struct<x000_from:double,x000_to:double,x001_from:double,x001_to:double,value_l:double,id__1:boolean,x000_from2:double,x000_to2:double,x001_from2:double,x001_to2:double,value_r:double,id__2:boolean> ; selCols = coalesce(id__1, id__2) AS id,value_l,value_r,greatest(x000_from, x000_from2) AS x000_from,least(x000_to, x000_to2) AS x000_to,greatest(x001_from, x001_from2) AS x001_from,least(x001_to, x001_to2) AS x001_to [ScalaTest-main-running-MultiVarHalfopenIntervalTests]

2026-08-12 11:44:13 INFO  MultiVarHalfopenIntervalTests - (getHyperdimDataFrame) 6 splitPts of dimensions 2: PointN(List(0.4744168598847057, 0.17806721330470143)), PointN(List(0.6166817906947137, 0.6199339761601546)), ... [ScalaTest-main-running-MultiVarHalfopenIntervalTests]
2026-08-12 11:44:13 INFO  MultiVarHalfopenIntervalTests - (withDefaultIntervalDef) numDim = 2 ; intervalDef = HalfOpenInterval(-Infinity,Infinity) [ScalaTest-main-running-MultiVarHalfopenIntervalTests]
2026-08-12 11:44:13 INFO  MultiVarHalfopenIntervalTests - (getHyperdimDataFrame) maxNumSplitCoords = 16 ; valueCol = (x000_from + x000_to) AS value ; mrqc = GenericHalfOpenIntervalQueryConfig(Map(x000_from -> (x000_to,HalfOpenInterval(-Infinity,Infinity)), x001_from -> (x001_to,HalfOpenInterval(-Infinity,Infinity))),List()) [ScalaTest-main-running-MultiVarHalfopenIntervalTests]
2026-08-12 11:44:13 INFO  MultiVarHalfopenIntervalTests - (hypercuboids2dataFrame) mrqc.numDimensions = 2 ; 19 hypercuboids given [ScalaTest-main-running-MultiVarHalfopenIntervalTests]
2026-08-12 11:44:13 INFO  MultiVarHalfopenIntervalTests - df.count() = 19 ; df.distinct().count() = 19 ; df.schema = struct<x000_from:double,x000_to:double,x001_from:double,x001_to:double,value:double> [ScalaTest-main-running-MultiVarHalfopenIntervalTests]
2026-08-12 11:44:13 INFO  MultiVarHalfopenIntervalTests - (joinRanges) dfJoined.schema = struct<x000_from:double,x000_to:double,x001_from:double,x001_to:double,value_l:double,id__1:boolean,x000_from2:double,x000_to2:double,x001_from2:double,x001_to2:double,value_r:double,id__2:boolean> ; selCols = coalesce(id__1, id__2) AS id,value_l,value_r,greatest(x000_from, x000_from2) AS x000_from,least(x000_to, x000_to2) AS x000_to,greatest(x001_from, x001_from2) AS x001_from,least(x001_to, x001_to2) AS x001_to [ScalaTest-main-running-MultiVarHalfopenIntervalTests]

- should return the same data framne
rangeLeftAntiJoin dfUnit with dfUnitSplitted
2026-08-12 11:44:13 INFO  MultiVarHalfopenIntervalTests - (getHyperdimDataFrame) 1 splitPts of dimensions 1: PointN(List(0.23769838268567878)), ... [ScalaTest-main-running-MultiVarHalfopenIntervalTests]
2026-08-12 11:44:13 INFO  MultiVarHalfopenIntervalTests - (withDefaultIntervalDef) numDim = 1 ; intervalDef = HalfOpenInterval(-Infinity,Infinity) [ScalaTest-main-running-MultiVarHalfopenIntervalTests]
2026-08-12 11:44:13 INFO  MultiVarHalfopenIntervalTests - (getHyperdimDataFrame) maxNumSplitCoords = 12 ; valueCol = (x000_from + x000_to) AS value ; mrqc = GenericHalfOpenIntervalQueryConfig(Map(x000_from -> (x000_to,HalfOpenInterval(-Infinity,Infinity))),List()) [ScalaTest-main-running-MultiVarHalfopenIntervalTests]
2026-08-12 11:44:13 INFO  MultiVarHalfopenIntervalTests - (hypercuboids2dataFrame) mrqc.numDimensions = 1 ; 2 hypercuboids given [ScalaTest-main-running-MultiVarHalfopenIntervalTests]
2026-08-12 11:44:13 INFO  MultiVarHalfopenIntervalTests - dfUnitSplitted.count() = 2 ; dfUnitSplitted.schema = struct<x000_from:double,x000_to:double,value:double> [ScalaTest-main-running-MultiVarHalfopenIntervalTests]
2026-08-12 11:44:13 INFO  MultiVarHalfopenIntervalTests - (hypercuboids2dataFrame) mrqc.numDimensions = 1 ; 1 hypercuboids given [ScalaTest-main-running-MultiVarHalfopenIntervalTests]
2026-08-12 11:44:13 WARN  MultiVarHalfopenIntervalTests - (leftAntiJoinRanges) no keys specified! additionalJoinFilterCondition = true ; mrqc = GenericHalfOpenIntervalQueryConfig(Map(x000_from -> (x000_to,HalfOpenInterval(-Infinity,Infinity))),List()) [ScalaTest-main-running-MultiVarHalfopenIntervalTests]
2026-08-12 11:44:13 INFO  MultiVarHalfopenIntervalTests - (combineMultivarRanges(runId=1)) DONE: returning resultatCombine: schema = struct<x000_from2:double,x000_to2:double> , mrqc=GenericHalfOpenIntervalQueryConfig(Map(x000_from2 -> (x000_to2,HalfOpenInterval(-Infinity,Infinity))),List()) [ScalaTest-main-running-MultiVarHalfopenIntervalTests]
2026-08-12 11:44:13 INFO  MultiVarHalfopenIntervalTests - (leftAntiJoinRanges) dfComplementRaw.schema = struct<x000_from:double,x000_to:double,value:string> [ScalaTest-main-running-MultiVarHalfopenIntervalTests]
2026-08-12 11:44:13 INFO  MultiVarHalfopenIntervalTests - (combineMultivarRanges(runId=1)) DONE: returning resultatCombine: schema = struct<value:string,x000_from:double,x000_to:double> , mrqc=GenericHalfOpenIntervalQueryConfig(Map(x000_from -> (x000_to,HalfOpenInterval(-Infinity,Infinity))),List()) [ScalaTest-main-running-MultiVarHalfopenIntervalTests]

2026-08-12 11:44:13 INFO  MultiVarHalfopenIntervalTests - (getHyperdimDataFrame) 5 splitPts of dimensions 2: PointN(List(0.34733434253146345, 0.24843172676707273)), PointN(List(0.3651088114778166, 0.16110265142130978)), ... [ScalaTest-main-running-MultiVarHalfopenIntervalTests]
2026-08-12 11:44:13 INFO  MultiVarHalfopenIntervalTests - (withDefaultIntervalDef) numDim = 2 ; intervalDef = HalfOpenInterval(-Infinity,Infinity) [ScalaTest-main-running-MultiVarHalfopenIntervalTests]
2026-08-12 11:44:13 INFO  MultiVarHalfopenIntervalTests - (getHyperdimDataFrame) maxNumSplitCoords = 12 ; valueCol = (x000_from + x000_to) AS value ; mrqc = GenericHalfOpenIntervalQueryConfig(Map(x000_from -> (x000_to,HalfOpenInterval(-Infinity,Infinity)), x001_from -> (x001_to,HalfOpenInterval(-Infinity,Infinity))),List()) [ScalaTest-main-running-MultiVarHalfopenIntervalTests]
2026-08-12 11:44:13 INFO  MultiVarHalfopenIntervalTests - (hypercuboids2dataFrame) mrqc.numDimensions = 2 ; 16 hypercuboids given [ScalaTest-main-running-MultiVarHalfopenIntervalTests]
2026-08-12 11:44:13 INFO  MultiVarHalfopenIntervalTests - dfUnitSplitted.count() = 16 ; dfUnitSplitted.schema = struct<x000_from:double,x000_to:double,x001_from:double,x001_to:double,value:double> [ScalaTest-main-running-MultiVarHalfopenIntervalTests]
2026-08-12 11:44:13 INFO  MultiVarHalfopenIntervalTests - (hypercuboids2dataFrame) mrqc.numDimensions = 2 ; 1 hypercuboids given [ScalaTest-main-running-MultiVarHalfopenIntervalTests]
2026-08-12 11:44:14 WARN  MultiVarHalfopenIntervalTests - (leftAntiJoinRanges) no keys specified! additionalJoinFilterCondition = true ; mrqc = GenericHalfOpenIntervalQueryConfig(Map(x000_from -> (x000_to,HalfOpenInterval(-Infinity,Infinity)), x001_from -> (x001_to,HalfOpenInterval(-Infinity,Infinity))),List()) [ScalaTest-main-running-MultiVarHalfopenIntervalTests]
2026-08-12 11:44:16 INFO  MultiVarHalfopenIntervalTests - (combineMultivarRanges(runId=4)) DONE: returning resultatCombine: schema = struct<x000_from2:double,x000_to2:double,x001_from2:double,x001_to2:double> , mrqc=GenericHalfOpenIntervalQueryConfig(Map(x000_from2 -> (x000_to2,HalfOpenInterval(-Infinity,Infinity)), x001_from2 -> (x001_to2,HalfOpenInterval(-Infinity,Infinity))),List()) [ScalaTest-main-running-MultiVarHalfopenIntervalTests]
2026-08-12 11:44:16 INFO  MultiVarHalfopenIntervalTests - (leftAntiJoinRanges) dfComplementRaw.schema = struct<x000_from:double,x000_to:double,x001_from:double,x001_to:double,value:string> [ScalaTest-main-running-MultiVarHalfopenIntervalTests]
2026-08-12 11:44:16 INFO  MultiVarHalfopenIntervalTests - (combineMultivarRanges(runId=1)) DONE: returning resultatCombine: schema = struct<value:string,x000_from:double,x000_to:double,x001_from:double,x001_to:double> , mrqc=GenericHalfOpenIntervalQueryConfig(Map(x000_from -> (x000_to,HalfOpenInterval(-Infinity,Infinity)), x001_from -> (x001_to,HalfOpenInterval(-Infinity,Infinity))),List()) [ScalaTest-main-running-MultiVarHalfopenIntervalTests]

2026-08-12 11:44:17 INFO  MultiVarHalfopenIntervalTests - (getHyperdimDataFrame) 1 splitPts of dimensions 7: PointN(List(0.5372458080622823, 0.8432947471761718, 0.2043150612603374, 0.12831441163887647, 0.2119161703211411, 0.6479630192229975, 0.5412356419047707)), ... [ScalaTest-main-running-MultiVarHalfopenIntervalTests]
2026-08-12 11:44:17 INFO  MultiVarHalfopenIntervalTests - (withDefaultIntervalDef) numDim = 7 ; intervalDef = HalfOpenInterval(-Infinity,Infinity) [ScalaTest-main-running-MultiVarHalfopenIntervalTests]
2026-08-12 11:44:17 INFO  MultiVarHalfopenIntervalTests - (getHyperdimDataFrame) maxNumSplitCoords = 12 ; valueCol = (x000_from + x000_to) AS value ; mrqc = GenericHalfOpenIntervalQueryConfig(HashMap(x001_from -> (x001_to,HalfOpenInterval(-Infinity,Infinity)), x003_from -> (x003_to,HalfOpenInterval(-Infinity,Infinity)), x002_from -> (x002_to,HalfOpenInterval(-Infinity,Infinity)), x006_from -> (x006_to,HalfOpenInterval(-Infinity,Infinity)), x005_from -> (x005_to,HalfOpenInterval(-Infinity,Infinity)), x000_from -> (x000_to,HalfOpenInterval(-Infinity,Infinity)), x004_from -> (x004_to,HalfOpenInterval(-Infinity,Infinity))),List()) [ScalaTest-main-running-MultiVarHalfopenIntervalTests]
2026-08-12 11:44:17 INFO  MultiVarHalfopenIntervalTests - (hypercuboids2dataFrame) mrqc.numDimensions = 7 ; 128 hypercuboids given [ScalaTest-main-running-MultiVarHalfopenIntervalTests]
2026-08-12 11:44:17 INFO  MultiVarHalfopenIntervalTests - dfUnitSplitted.count() = 128 ; dfUnitSplitted.schema = struct<x000_from:double,x000_to:double,x001_from:double,x001_to:double,x002_from:double,x002_to:double,x003_from:double,x003_to:double,x004_from:double,x004_to:double,x005_from:double,x005_to:double,x006_from:double,x006_to:double,value:double> [ScalaTest-main-running-MultiVarHalfopenIntervalTests]
2026-08-12 11:44:17 INFO  MultiVarHalfopenIntervalTests - (hypercuboids2dataFrame) mrqc.numDimensions = 7 ; 1 hypercuboids given [ScalaTest-main-running-MultiVarHalfopenIntervalTests]
2026-08-12 11:44:17 WARN  MultiVarHalfopenIntervalTests - (leftAntiJoinRanges) no keys specified! additionalJoinFilterCondition = true ; mrqc = GenericHalfOpenIntervalQueryConfig(HashMap(x001_from -> (x001_to,HalfOpenInterval(-Infinity,Infinity)), x003_from -> (x003_to,HalfOpenInterval(-Infinity,Infinity)), x002_from -> (x002_to,HalfOpenInterval(-Infinity,Infinity)), x006_from -> (x006_to,HalfOpenInterval(-Infinity,Infinity)), x005_from -> (x005_to,HalfOpenInterval(-Infinity,Infinity)), x000_from -> (x000_to,HalfOpenInterval(-Infinity,Infinity)), x004_from -> (x004_to,HalfOpenInterval(-Infinity,Infinity))),List()) [ScalaTest-main-running-MultiVarHalfopenIntervalTests]
2026-08-12 11:44:19 INFO  MultiVarHalfopenIntervalTests - (combineMultivarRanges(runId=2)) DONE: returning resultatCombine: schema = struct<x000_from2:double,x000_to2:double,x001_from2:double,x001_to2:double,x002_from2:double,x002_to2:double,x003_from2:double,x003_to2:double,x004_from2:double,x004_to2:double,x005_from2:double,x005_to2:double,x006_from2:double,x006_to2:double> , mrqc=GenericHalfOpenIntervalQueryConfig(HashMap(x005_from2 -> (x005_to2,HalfOpenInterval(-Infinity,Infinity)), x004_from2 -> (x004_to2,HalfOpenInterval(-Infinity,Infinity)), x003_from2 -> (x003_to2,HalfOpenInterval(-Infinity,Infinity)), x000_from2 -> (x000_to2,HalfOpenInterval(-Infinity,Infinity)), x001_from2 -> (x001_to2,HalfOpenInterval(-Infinity,Infinity)), x006_from2 -> (x006_to2,HalfOpenInterval(-Infinity,Infinity)), x002_from2 -> (x002_to2,HalfOpenInterval(-Infinity,Infinity))),List()) [ScalaTest-main-running-MultiVarHalfopenIntervalTests]
2026-08-12 11:44:21 INFO  MultiVarHalfopenIntervalTests - (leftAntiJoinRanges) dfComplementRaw.schema = struct<x000_from:double,x000_to:double,x001_from:double,x001_to:double,x002_from:double,x002_to:double,x003_from:double,x003_to:double,x004_from:double,x004_to:double,x005_from:double,x005_to:double,x006_from:double,x006_to:double,value:string> [ScalaTest-main-running-MultiVarHalfopenIntervalTests]
2026-08-12 11:46:00 INFO  MultiVarHalfopenIntervalTests - (combineMultivarRanges(runId=1)) DONE: returning resultatCombine: schema = struct<value:string,x000_from:double,x000_to:double,x001_from:double,x001_to:double,x002_from:double,x002_to:double,x003_from:double,x003_to:double,x004_from:double,x004_to:double,x005_from:double,x005_to:double,x006_from:double,x006_to:double> , mrqc=GenericHalfOpenIntervalQueryConfig(HashMap(x001_from -> (x001_to,HalfOpenInterval(-Infinity,Infinity)), x003_from -> (x003_to,HalfOpenInterval(-Infinity,Infinity)), x002_from -> (x002_to,HalfOpenInterval(-Infinity,Infinity)), x006_from -> (x006_to,HalfOpenInterval(-Infinity,Infinity)), x005_from -> (x005_to,HalfOpenInterval(-Infinity,Infinity)), x000_from -> (x000_to,HalfOpenInterval(-Infinity,Infinity)), x004_from -> (x004_to,HalfOpenInterval(-Infinity,Infinity))),List()) [ScalaTest-main-running-MultiVarHalfopenIntervalTests]

2026-08-12 11:47:08 INFO  MultiVarHalfopenIntervalTests - (getHyperdimDataFrame) 6 splitPts of dimensions 2: PointN(List(0.8245579633839083, 0.6155377916378167)), PointN(List(0.4537299457516667, 0.862413980892847)), ... [ScalaTest-main-running-MultiVarHalfopenIntervalTests]
2026-08-12 11:47:08 INFO  MultiVarHalfopenIntervalTests - (withDefaultIntervalDef) numDim = 2 ; intervalDef = HalfOpenInterval(-Infinity,Infinity) [ScalaTest-main-running-MultiVarHalfopenIntervalTests]
2026-08-12 11:47:08 INFO  MultiVarHalfopenIntervalTests - (getHyperdimDataFrame) maxNumSplitCoords = 12 ; valueCol = (x000_from + x000_to) AS value ; mrqc = GenericHalfOpenIntervalQueryConfig(Map(x000_from -> (x000_to,HalfOpenInterval(-Infinity,Infinity)), x001_from -> (x001_to,HalfOpenInterval(-Infinity,Infinity))),List()) [ScalaTest-main-running-MultiVarHalfopenIntervalTests]
2026-08-12 11:47:08 INFO  MultiVarHalfopenIntervalTests - (hypercuboids2dataFrame) mrqc.numDimensions = 2 ; 19 hypercuboids given [ScalaTest-main-running-MultiVarHalfopenIntervalTests]
2026-08-12 11:47:08 INFO  MultiVarHalfopenIntervalTests - dfUnitSplitted.count() = 19 ; dfUnitSplitted.schema = struct<x000_from:double,x000_to:double,x001_from:double,x001_to:double,value:double> [ScalaTest-main-running-MultiVarHalfopenIntervalTests]
2026-08-12 11:47:08 INFO  MultiVarHalfopenIntervalTests - (hypercuboids2dataFrame) mrqc.numDimensions = 2 ; 1 hypercuboids given [ScalaTest-main-running-MultiVarHalfopenIntervalTests]
2026-08-12 11:47:08 WARN  MultiVarHalfopenIntervalTests - (leftAntiJoinRanges) no keys specified! additionalJoinFilterCondition = true ; mrqc = GenericHalfOpenIntervalQueryConfig(Map(x000_from -> (x000_to,HalfOpenInterval(-Infinity,Infinity)), x001_from -> (x001_to,HalfOpenInterval(-Infinity,Infinity))),List()) [ScalaTest-main-running-MultiVarHalfopenIntervalTests]
2026-08-12 11:47:11 INFO  MultiVarHalfopenIntervalTests - (combineMultivarRanges(runId=5)) DONE: returning resultatCombine: schema = struct<x000_from2:double,x000_to2:double,x001_from2:double,x001_to2:double> , mrqc=GenericHalfOpenIntervalQueryConfig(Map(x000_from2 -> (x000_to2,HalfOpenInterval(-Infinity,Infinity)), x001_from2 -> (x001_to2,HalfOpenInterval(-Infinity,Infinity))),List()) [ScalaTest-main-running-MultiVarHalfopenIntervalTests]
2026-08-12 11:47:11 INFO  MultiVarHalfopenIntervalTests - (leftAntiJoinRanges) dfComplementRaw.schema = struct<x000_from:double,x000_to:double,x001_from:double,x001_to:double,value:string> [ScalaTest-main-running-MultiVarHalfopenIntervalTests]
2026-08-12 11:47:12 INFO  MultiVarHalfopenIntervalTests - (combineMultivarRanges(runId=1)) DONE: returning resultatCombine: schema = struct<value:string,x000_from:double,x000_to:double,x001_from:double,x001_to:double> , mrqc=GenericHalfOpenIntervalQueryConfig(Map(x000_from -> (x000_to,HalfOpenInterval(-Infinity,Infinity)), x001_from -> (x001_to,HalfOpenInterval(-Infinity,Infinity))),List()) [ScalaTest-main-running-MultiVarHalfopenIntervalTests]

2026-08-12 11:47:12 INFO  MultiVarHalfopenIntervalTests - (getHyperdimDataFrame) 6 splitPts of dimensions 2: PointN(List(0.106535508762523, 0.5101300414891903)), PointN(List(0.4733619478806439, 0.3943174085819997)), ... [ScalaTest-main-running-MultiVarHalfopenIntervalTests]
2026-08-12 11:47:12 INFO  MultiVarHalfopenIntervalTests - (withDefaultIntervalDef) numDim = 2 ; intervalDef = HalfOpenInterval(-Infinity,Infinity) [ScalaTest-main-running-MultiVarHalfopenIntervalTests]
2026-08-12 11:47:12 INFO  MultiVarHalfopenIntervalTests - (getHyperdimDataFrame) maxNumSplitCoords = 12 ; valueCol = (x000_from + x000_to) AS value ; mrqc = GenericHalfOpenIntervalQueryConfig(Map(x000_from -> (x000_to,HalfOpenInterval(-Infinity,Infinity)), x001_from -> (x001_to,HalfOpenInterval(-Infinity,Infinity))),List()) [ScalaTest-main-running-MultiVarHalfopenIntervalTests]
2026-08-12 11:47:12 INFO  MultiVarHalfopenIntervalTests - (hypercuboids2dataFrame) mrqc.numDimensions = 2 ; 19 hypercuboids given [ScalaTest-main-running-MultiVarHalfopenIntervalTests]
2026-08-12 11:47:12 INFO  MultiVarHalfopenIntervalTests - dfUnitSplitted.count() = 19 ; dfUnitSplitted.schema = struct<x000_from:double,x000_to:double,x001_from:double,x001_to:double,value:double> [ScalaTest-main-running-MultiVarHalfopenIntervalTests]
2026-08-12 11:47:12 INFO  MultiVarHalfopenIntervalTests - (hypercuboids2dataFrame) mrqc.numDimensions = 2 ; 1 hypercuboids given [ScalaTest-main-running-MultiVarHalfopenIntervalTests]
2026-08-12 11:47:12 WARN  MultiVarHalfopenIntervalTests - (leftAntiJoinRanges) no keys specified! additionalJoinFilterCondition = true ; mrqc = GenericHalfOpenIntervalQueryConfig(Map(x000_from -> (x000_to,HalfOpenInterval(-Infinity,Infinity)), x001_from -> (x001_to,HalfOpenInterval(-Infinity,Infinity))),List()) [ScalaTest-main-running-MultiVarHalfopenIntervalTests]
2026-08-12 11:47:13 INFO  MultiVarHalfopenIntervalTests - (combineMultivarRanges(runId=4)) DONE: returning resultatCombine: schema = struct<x000_from2:double,x000_to2:double,x001_from2:double,x001_to2:double> , mrqc=GenericHalfOpenIntervalQueryConfig(Map(x000_from2 -> (x000_to2,HalfOpenInterval(-Infinity,Infinity)), x001_from2 -> (x001_to2,HalfOpenInterval(-Infinity,Infinity))),List()) [ScalaTest-main-running-MultiVarHalfopenIntervalTests]
2026-08-12 11:47:14 INFO  MultiVarHalfopenIntervalTests - (leftAntiJoinRanges) dfComplementRaw.schema = struct<x000_from:double,x000_to:double,x001_from:double,x001_to:double,value:string> [ScalaTest-main-running-MultiVarHalfopenIntervalTests]
2026-08-12 11:47:14 INFO  MultiVarHalfopenIntervalTests - (combineMultivarRanges(runId=1)) DONE: returning resultatCombine: schema = struct<value:string,x000_from:double,x000_to:double,x001_from:double,x001_to:double> , mrqc=GenericHalfOpenIntervalQueryConfig(Map(x000_from -> (x000_to,HalfOpenInterval(-Infinity,Infinity)), x001_from -> (x001_to,HalfOpenInterval(-Infinity,Infinity))),List()) [ScalaTest-main-running-MultiVarHalfopenIntervalTests]

2026-08-12 11:47:14 INFO  MultiVarHalfopenIntervalTests - (getHyperdimDataFrame) 6 splitPts of dimensions 2: PointN(List(0.26149939368308983, 0.24497517128284435)), PointN(List(0.7250669064882667, 0.5024135421839934)), ... [ScalaTest-main-running-MultiVarHalfopenIntervalTests]
2026-08-12 11:47:14 INFO  MultiVarHalfopenIntervalTests - (withDefaultIntervalDef) numDim = 2 ; intervalDef = HalfOpenInterval(-Infinity,Infinity) [ScalaTest-main-running-MultiVarHalfopenIntervalTests]
2026-08-12 11:47:14 INFO  MultiVarHalfopenIntervalTests - (getHyperdimDataFrame) maxNumSplitCoords = 12 ; valueCol = (x000_from + x000_to) AS value ; mrqc = GenericHalfOpenIntervalQueryConfig(Map(x000_from -> (x000_to,HalfOpenInterval(-Infinity,Infinity)), x001_from -> (x001_to,HalfOpenInterval(-Infinity,Infinity))),List()) [ScalaTest-main-running-MultiVarHalfopenIntervalTests]
2026-08-12 11:47:14 INFO  MultiVarHalfopenIntervalTests - (hypercuboids2dataFrame) mrqc.numDimensions = 2 ; 19 hypercuboids given [ScalaTest-main-running-MultiVarHalfopenIntervalTests]
2026-08-12 11:47:14 INFO  MultiVarHalfopenIntervalTests - dfUnitSplitted.count() = 19 ; dfUnitSplitted.schema = struct<x000_from:double,x000_to:double,x001_from:double,x001_to:double,value:double> [ScalaTest-main-running-MultiVarHalfopenIntervalTests]
2026-08-12 11:47:14 INFO  MultiVarHalfopenIntervalTests - (hypercuboids2dataFrame) mrqc.numDimensions = 2 ; 1 hypercuboids given [ScalaTest-main-running-MultiVarHalfopenIntervalTests]
2026-08-12 11:47:14 WARN  MultiVarHalfopenIntervalTests - (leftAntiJoinRanges) no keys specified! additionalJoinFilterCondition = true ; mrqc = GenericHalfOpenIntervalQueryConfig(Map(x000_from -> (x000_to,HalfOpenInterval(-Infinity,Infinity)), x001_from -> (x001_to,HalfOpenInterval(-Infinity,Infinity))),List()) [ScalaTest-main-running-MultiVarHalfopenIntervalTests]
2026-08-12 11:47:17 INFO  MultiVarHalfopenIntervalTests - (combineMultivarRanges(runId=6)) DONE: returning resultatCombine: schema = struct<x000_from2:double,x000_to2:double,x001_from2:double,x001_to2:double> , mrqc=GenericHalfOpenIntervalQueryConfig(Map(x000_from2 -> (x000_to2,HalfOpenInterval(-Infinity,Infinity)), x001_from2 -> (x001_to2,HalfOpenInterval(-Infinity,Infinity))),List()) [ScalaTest-main-running-MultiVarHalfopenIntervalTests]
2026-08-12 11:47:18 INFO  MultiVarHalfopenIntervalTests - (leftAntiJoinRanges) dfComplementRaw.schema = struct<x000_from:double,x000_to:double,x001_from:double,x001_to:double,value:string> [ScalaTest-main-running-MultiVarHalfopenIntervalTests]
2026-08-12 11:47:18 INFO  MultiVarHalfopenIntervalTests - (combineMultivarRanges(runId=1)) DONE: returning resultatCombine: schema = struct<value:string,x000_from:double,x000_to:double,x001_from:double,x001_to:double> , mrqc=GenericHalfOpenIntervalQueryConfig(Map(x000_from -> (x000_to,HalfOpenInterval(-Infinity,Infinity)), x001_from -> (x001_to,HalfOpenInterval(-Infinity,Infinity))),List()) [ScalaTest-main-running-MultiVarHalfopenIntervalTests]

2026-08-12 11:47:19 INFO  MultiVarHalfopenIntervalTests - (getHyperdimDataFrame) 6 splitPts of dimensions 2: PointN(List(0.2531018038703454, 0.7981932442956006)), PointN(List(0.33920307159541985, 0.6940543834082376)), ... [ScalaTest-main-running-MultiVarHalfopenIntervalTests]
2026-08-12 11:47:19 INFO  MultiVarHalfopenIntervalTests - (withDefaultIntervalDef) numDim = 2 ; intervalDef = HalfOpenInterval(-Infinity,Infinity) [ScalaTest-main-running-MultiVarHalfopenIntervalTests]
2026-08-12 11:47:19 INFO  MultiVarHalfopenIntervalTests - (getHyperdimDataFrame) maxNumSplitCoords = 12 ; valueCol = (x000_from + x000_to) AS value ; mrqc = GenericHalfOpenIntervalQueryConfig(Map(x000_from -> (x000_to,HalfOpenInterval(-Infinity,Infinity)), x001_from -> (x001_to,HalfOpenInterval(-Infinity,Infinity))),List()) [ScalaTest-main-running-MultiVarHalfopenIntervalTests]
2026-08-12 11:47:19 INFO  MultiVarHalfopenIntervalTests - (hypercuboids2dataFrame) mrqc.numDimensions = 2 ; 19 hypercuboids given [ScalaTest-main-running-MultiVarHalfopenIntervalTests]
2026-08-12 11:47:19 INFO  MultiVarHalfopenIntervalTests - dfUnitSplitted.count() = 19 ; dfUnitSplitted.schema = struct<x000_from:double,x000_to:double,x001_from:double,x001_to:double,value:double> [ScalaTest-main-running-MultiVarHalfopenIntervalTests]
2026-08-12 11:47:19 INFO  MultiVarHalfopenIntervalTests - (hypercuboids2dataFrame) mrqc.numDimensions = 2 ; 1 hypercuboids given [ScalaTest-main-running-MultiVarHalfopenIntervalTests]
2026-08-12 11:47:19 WARN  MultiVarHalfopenIntervalTests - (leftAntiJoinRanges) no keys specified! additionalJoinFilterCondition = true ; mrqc = GenericHalfOpenIntervalQueryConfig(Map(x000_from -> (x000_to,HalfOpenInterval(-Infinity,Infinity)), x001_from -> (x001_to,HalfOpenInterval(-Infinity,Infinity))),List()) [ScalaTest-main-running-MultiVarHalfopenIntervalTests]
2026-08-12 11:47:21 INFO  MultiVarHalfopenIntervalTests - (combineMultivarRanges(runId=5)) DONE: returning resultatCombine: schema = struct<x000_from2:double,x000_to2:double,x001_from2:double,x001_to2:double> , mrqc=GenericHalfOpenIntervalQueryConfig(Map(x000_from2 -> (x000_to2,HalfOpenInterval(-Infinity,Infinity)), x001_from2 -> (x001_to2,HalfOpenInterval(-Infinity,Infinity))),List()) [ScalaTest-main-running-MultiVarHalfopenIntervalTests]
2026-08-12 11:47:22 INFO  MultiVarHalfopenIntervalTests - (leftAntiJoinRanges) dfComplementRaw.schema = struct<x000_from:double,x000_to:double,x001_from:double,x001_to:double,value:string> [ScalaTest-main-running-MultiVarHalfopenIntervalTests]
2026-08-12 11:47:22 INFO  MultiVarHalfopenIntervalTests - (combineMultivarRanges(runId=1)) DONE: returning resultatCombine: schema = struct<value:string,x000_from:double,x000_to:double,x001_from:double,x001_to:double> , mrqc=GenericHalfOpenIntervalQueryConfig(Map(x000_from -> (x000_to,HalfOpenInterval(-Infinity,Infinity)), x001_from -> (x001_to,HalfOpenInterval(-Infinity,Infinity))),List()) [ScalaTest-main-running-MultiVarHalfopenIntervalTests]

2026-08-12 11:47:22 INFO  MultiVarHalfopenIntervalTests - (getHyperdimDataFrame) 5 splitPts of dimensions 2: PointN(List(0.783349549450331, 0.8818970170644221)), PointN(List(0.5501123449235868, 0.31909208224394786)), ... [ScalaTest-main-running-MultiVarHalfopenIntervalTests]
2026-08-12 11:47:22 INFO  MultiVarHalfopenIntervalTests - (withDefaultIntervalDef) numDim = 2 ; intervalDef = HalfOpenInterval(-Infinity,Infinity) [ScalaTest-main-running-MultiVarHalfopenIntervalTests]
2026-08-12 11:47:22 INFO  MultiVarHalfopenIntervalTests - (getHyperdimDataFrame) maxNumSplitCoords = 12 ; valueCol = (x000_from + x000_to) AS value ; mrqc = GenericHalfOpenIntervalQueryConfig(Map(x000_from -> (x000_to,HalfOpenInterval(-Infinity,Infinity)), x001_from -> (x001_to,HalfOpenInterval(-Infinity,Infinity))),List()) [ScalaTest-main-running-MultiVarHalfopenIntervalTests]
2026-08-12 11:47:22 INFO  MultiVarHalfopenIntervalTests - (hypercuboids2dataFrame) mrqc.numDimensions = 2 ; 16 hypercuboids given [ScalaTest-main-running-MultiVarHalfopenIntervalTests]
2026-08-12 11:47:22 INFO  MultiVarHalfopenIntervalTests - dfUnitSplitted.count() = 16 ; dfUnitSplitted.schema = struct<x000_from:double,x000_to:double,x001_from:double,x001_to:double,value:double> [ScalaTest-main-running-MultiVarHalfopenIntervalTests]
2026-08-12 11:47:22 INFO  MultiVarHalfopenIntervalTests - (hypercuboids2dataFrame) mrqc.numDimensions = 2 ; 1 hypercuboids given [ScalaTest-main-running-MultiVarHalfopenIntervalTests]
2026-08-12 11:47:22 WARN  MultiVarHalfopenIntervalTests - (leftAntiJoinRanges) no keys specified! additionalJoinFilterCondition = true ; mrqc = GenericHalfOpenIntervalQueryConfig(Map(x000_from -> (x000_to,HalfOpenInterval(-Infinity,Infinity)), x001_from -> (x001_to,HalfOpenInterval(-Infinity,Infinity))),List()) [ScalaTest-main-running-MultiVarHalfopenIntervalTests]
2026-08-12 11:47:24 INFO  MultiVarHalfopenIntervalTests - (combineMultivarRanges(runId=5)) DONE: returning resultatCombine: schema = struct<x000_from2:double,x000_to2:double,x001_from2:double,x001_to2:double> , mrqc=GenericHalfOpenIntervalQueryConfig(Map(x000_from2 -> (x000_to2,HalfOpenInterval(-Infinity,Infinity)), x001_from2 -> (x001_to2,HalfOpenInterval(-Infinity,Infinity))),List()) [ScalaTest-main-running-MultiVarHalfopenIntervalTests]
2026-08-12 11:47:25 INFO  MultiVarHalfopenIntervalTests - (leftAntiJoinRanges) dfComplementRaw.schema = struct<x000_from:double,x000_to:double,x001_from:double,x001_to:double,value:string> [ScalaTest-main-running-MultiVarHalfopenIntervalTests]
2026-08-12 11:47:25 INFO  MultiVarHalfopenIntervalTests - (combineMultivarRanges(runId=1)) DONE: returning resultatCombine: schema = struct<value:string,x000_from:double,x000_to:double,x001_from:double,x001_to:double> , mrqc=GenericHalfOpenIntervalQueryConfig(Map(x000_from -> (x000_to,HalfOpenInterval(-Infinity,Infinity)), x001_from -> (x001_to,HalfOpenInterval(-Infinity,Infinity))),List()) [ScalaTest-main-running-MultiVarHalfopenIntervalTests]

2026-08-12 11:47:25 INFO  MultiVarHalfopenIntervalTests - (getHyperdimDataFrame) 6 splitPts of dimensions 2: PointN(List(0.15378286007700917, 0.6265518593628397)), PointN(List(0.5819447972130106, 0.4793351631707208)), ... [ScalaTest-main-running-MultiVarHalfopenIntervalTests]
2026-08-12 11:47:25 INFO  MultiVarHalfopenIntervalTests - (withDefaultIntervalDef) numDim = 2 ; intervalDef = HalfOpenInterval(-Infinity,Infinity) [ScalaTest-main-running-MultiVarHalfopenIntervalTests]
2026-08-12 11:47:25 INFO  MultiVarHalfopenIntervalTests - (getHyperdimDataFrame) maxNumSplitCoords = 12 ; valueCol = (x000_from + x000_to) AS value ; mrqc = GenericHalfOpenIntervalQueryConfig(Map(x000_from -> (x000_to,HalfOpenInterval(-Infinity,Infinity)), x001_from -> (x001_to,HalfOpenInterval(-Infinity,Infinity))),List()) [ScalaTest-main-running-MultiVarHalfopenIntervalTests]
2026-08-12 11:47:25 INFO  MultiVarHalfopenIntervalTests - (hypercuboids2dataFrame) mrqc.numDimensions = 2 ; 19 hypercuboids given [ScalaTest-main-running-MultiVarHalfopenIntervalTests]
2026-08-12 11:47:25 INFO  MultiVarHalfopenIntervalTests - dfUnitSplitted.count() = 19 ; dfUnitSplitted.schema = struct<x000_from:double,x000_to:double,x001_from:double,x001_to:double,value:double> [ScalaTest-main-running-MultiVarHalfopenIntervalTests]
2026-08-12 11:47:25 INFO  MultiVarHalfopenIntervalTests - (hypercuboids2dataFrame) mrqc.numDimensions = 2 ; 1 hypercuboids given [ScalaTest-main-running-MultiVarHalfopenIntervalTests]
2026-08-12 11:47:25 WARN  MultiVarHalfopenIntervalTests - (leftAntiJoinRanges) no keys specified! additionalJoinFilterCondition = true ; mrqc = GenericHalfOpenIntervalQueryConfig(Map(x000_from -> (x000_to,HalfOpenInterval(-Infinity,Infinity)), x001_from -> (x001_to,HalfOpenInterval(-Infinity,Infinity))),List()) [ScalaTest-main-running-MultiVarHalfopenIntervalTests]
2026-08-12 11:47:28 INFO  MultiVarHalfopenIntervalTests - (combineMultivarRanges(runId=5)) DONE: returning resultatCombine: schema = struct<x000_from2:double,x000_to2:double,x001_from2:double,x001_to2:double> , mrqc=GenericHalfOpenIntervalQueryConfig(Map(x000_from2 -> (x000_to2,HalfOpenInterval(-Infinity,Infinity)), x001_from2 -> (x001_to2,HalfOpenInterval(-Infinity,Infinity))),List()) [ScalaTest-main-running-MultiVarHalfopenIntervalTests]
2026-08-12 11:47:28 INFO  MultiVarHalfopenIntervalTests - (leftAntiJoinRanges) dfComplementRaw.schema = struct<x000_from:double,x000_to:double,x001_from:double,x001_to:double,value:string> [ScalaTest-main-running-MultiVarHalfopenIntervalTests]
2026-08-12 11:47:28 INFO  MultiVarHalfopenIntervalTests - (combineMultivarRanges(runId=1)) DONE: returning resultatCombine: schema = struct<value:string,x000_from:double,x000_to:double,x001_from:double,x001_to:double> , mrqc=GenericHalfOpenIntervalQueryConfig(Map(x000_from -> (x000_to,HalfOpenInterval(-Infinity,Infinity)), x001_from -> (x001_to,HalfOpenInterval(-Infinity,Infinity))),List()) [ScalaTest-main-running-MultiVarHalfopenIntervalTests]

2026-08-12 11:47:28 INFO  MultiVarHalfopenIntervalTests - (getHyperdimDataFrame) 6 splitPts of dimensions 2: PointN(List(0.8379685557808179, 0.45391469559600794)), PointN(List(0.7728976073677748, 0.7128887248578964)), ... [ScalaTest-main-running-MultiVarHalfopenIntervalTests]
2026-08-12 11:47:28 INFO  MultiVarHalfopenIntervalTests - (withDefaultIntervalDef) numDim = 2 ; intervalDef = HalfOpenInterval(-Infinity,Infinity) [ScalaTest-main-running-MultiVarHalfopenIntervalTests]
2026-08-12 11:47:28 INFO  MultiVarHalfopenIntervalTests - (getHyperdimDataFrame) maxNumSplitCoords = 12 ; valueCol = (x000_from + x000_to) AS value ; mrqc = GenericHalfOpenIntervalQueryConfig(Map(x000_from -> (x000_to,HalfOpenInterval(-Infinity,Infinity)), x001_from -> (x001_to,HalfOpenInterval(-Infinity,Infinity))),List()) [ScalaTest-main-running-MultiVarHalfopenIntervalTests]
2026-08-12 11:47:28 INFO  MultiVarHalfopenIntervalTests - (hypercuboids2dataFrame) mrqc.numDimensions = 2 ; 19 hypercuboids given [ScalaTest-main-running-MultiVarHalfopenIntervalTests]
2026-08-12 11:47:28 INFO  MultiVarHalfopenIntervalTests - dfUnitSplitted.count() = 19 ; dfUnitSplitted.schema = struct<x000_from:double,x000_to:double,x001_from:double,x001_to:double,value:double> [ScalaTest-main-running-MultiVarHalfopenIntervalTests]
2026-08-12 11:47:28 INFO  MultiVarHalfopenIntervalTests - (hypercuboids2dataFrame) mrqc.numDimensions = 2 ; 1 hypercuboids given [ScalaTest-main-running-MultiVarHalfopenIntervalTests]
2026-08-12 11:47:28 WARN  MultiVarHalfopenIntervalTests - (leftAntiJoinRanges) no keys specified! additionalJoinFilterCondition = true ; mrqc = GenericHalfOpenIntervalQueryConfig(Map(x000_from -> (x000_to,HalfOpenInterval(-Infinity,Infinity)), x001_from -> (x001_to,HalfOpenInterval(-Infinity,Infinity))),List()) [ScalaTest-main-running-MultiVarHalfopenIntervalTests]
2026-08-12 11:47:30 INFO  MultiVarHalfopenIntervalTests - (combineMultivarRanges(runId=4)) DONE: returning resultatCombine: schema = struct<x000_from2:double,x000_to2:double,x001_from2:double,x001_to2:double> , mrqc=GenericHalfOpenIntervalQueryConfig(Map(x000_from2 -> (x000_to2,HalfOpenInterval(-Infinity,Infinity)), x001_from2 -> (x001_to2,HalfOpenInterval(-Infinity,Infinity))),List()) [ScalaTest-main-running-MultiVarHalfopenIntervalTests]
2026-08-12 11:47:30 INFO  MultiVarHalfopenIntervalTests - (leftAntiJoinRanges) dfComplementRaw.schema = struct<x000_from:double,x000_to:double,x001_from:double,x001_to:double,value:string> [ScalaTest-main-running-MultiVarHalfopenIntervalTests]
2026-08-12 11:47:30 INFO  MultiVarHalfopenIntervalTests - (combineMultivarRanges(runId=1)) DONE: returning resultatCombine: schema = struct<value:string,x000_from:double,x000_to:double,x001_from:double,x001_to:double> , mrqc=GenericHalfOpenIntervalQueryConfig(Map(x000_from -> (x000_to,HalfOpenInterval(-Infinity,Infinity)), x001_from -> (x001_to,HalfOpenInterval(-Infinity,Infinity))),List()) [ScalaTest-main-running-MultiVarHalfopenIntervalTests]

- should return an empty data framne
2026-08-12 11:47:31 INFO  LinearDoubleQueryUtilTest - (joinRanges) dfJoined.schema = struct<id__1:int,position_from:double,position_to:double,id__2:int,position_from2:double,position_to2:double> ; selCols = coalesce(id__1, id__2) AS id,greatest(position_from, position_from2) AS position_from,least(position_to, position_to2) AS position_to [ScalaTest-main-running-LinearDoubleQueryUtilTest]
2026-08-12 11:47:31 INFO  LinearDoubleQueryUtilTest - (joinRanges) dfJoined.schema = struct<id__1:int,position_from:double,position_to:double,id__2:int,position_from2:double,position_to2:double> ; selCols = coalesce(id__1, id__2) AS id,greatest(position_from, position_from2) AS position_from,least(position_to, position_to2) AS position_to [ScalaTest-main-running-LinearDoubleQueryUtilTest]
LinearDoubleQueryUtilTest:
linear join condition symmetricity of half-open intervals
- should return expected results
linearCleanupExtend dfLeft
2026-08-12 11:47:31 INFO  LinearDoubleQueryUtilTest - (combineMultivarRanges(runId=1)) DONE: returning resultatCombine: schema = struct<id:int,value_l:double,position_from:double,position_to:double,_defined:boolean> , mrqc=LinearHalfOpenIntervalQueryConfig(Map(position_from -> position_to),List(),HalfOpenInterval(-Infinity,Infinity)) [ScalaTest-main-running-LinearDoubleQueryUtilTest]
- should return expected results
linearCleanupExtend dfRight_noExtend_nofillGaps
2026-08-12 11:47:31 INFO  LinearDoubleQueryUtilTest - (combineMultivarRanges(runId=1)) DONE: returning resultatCombine: schema = struct<id:int,value_r:double,position_from:double,position_to:double,_defined:boolean> , mrqc=LinearHalfOpenIntervalQueryConfig(Map(position_from -> position_to),List(),HalfOpenInterval(-Infinity,Infinity)) [ScalaTest-main-running-LinearDoubleQueryUtilTest]
- should return expected results
linearCleanupExtend dfRight_fillGaps_noExtend
2026-08-12 11:47:31 INFO  LinearDoubleQueryUtilTest - (combineMultivarRanges(runId=1)) DONE: returning resultatCombine: schema = struct<id:int,value_r:double,position_from:double,position_to:double,_defined:boolean> , mrqc=LinearHalfOpenIntervalQueryConfig(Map(position_from -> position_to),List(),HalfOpenInterval(-Infinity,Infinity)) [ScalaTest-main-running-LinearDoubleQueryUtilTest]
- should return expected results
linearCleanupExtend dfRight_extend_nofillGaps
2026-08-12 11:47:32 WARN  LinearDoubleQueryUtilTest - (cleanupExtendRanges) extend=true has no effect if fillGapsWithNull=false! [ScalaTest-main-running-LinearDoubleQueryUtilTest]
2026-08-12 11:47:32 INFO  LinearDoubleQueryUtilTest - (combineMultivarRanges(runId=1)) DONE: returning resultatCombine: schema = struct<id:int,value_r:double,position_from:double,position_to:double,_defined:boolean> , mrqc=LinearHalfOpenIntervalQueryConfig(Map(position_from -> position_to),List(),HalfOpenInterval(-Infinity,Infinity)) [ScalaTest-main-running-LinearDoubleQueryUtilTest]
- should return expected results
linearCleanupExtend dfRight_extend_fillGaps
2026-08-12 11:47:32 INFO  LinearDoubleQueryUtilTest - (combineMultivarRanges(runId=1)) DONE: returning resultatCombine: schema = struct<id:int,value_r:double,position_from:double,position_to:double,_defined:boolean> , mrqc=LinearHalfOpenIntervalQueryConfig(Map(position_from -> position_to),List(),HalfOpenInterval(-Infinity,Infinity)) [ScalaTest-main-running-LinearDoubleQueryUtilTest]
- should return expected results
linearCleanupExtend dfMap
2026-08-12 11:47:33 INFO  LinearDoubleQueryUtilTest - (combineMultivarRanges(runId=1)) DONE: returning resultatCombine: schema = struct<id:int,img:string,position_from:double,position_to:double,_defined:boolean> , mrqc=LinearHalfOpenIntervalQueryConfig(Map(position_from -> position_to),List(),HalfOpenInterval(-Infinity,Infinity)) [ScalaTest-main-running-LinearDoubleQueryUtilTest]
- should return expected results
linearCleanupExtend dfMap_NoExtendFillgaps
2026-08-12 11:47:33 INFO  LinearDoubleQueryUtilTest - (combineMultivarRanges(runId=1)) DONE: returning resultatCombine: schema = struct<id:int,img:string,position_from:double,position_to:double,_defined:boolean> , mrqc=LinearHalfOpenIntervalQueryConfig(Map(position_from -> position_to),List(),HalfOpenInterval(-Infinity,Infinity)) [ScalaTest-main-running-LinearDoubleQueryUtilTest]
- should return expected results
linearCleanupExtend dfSmallOverlap
2026-08-12 11:47:33 INFO  LinearDoubleQueryUtilTest - (combineMultivarRanges(runId=1)) DONE: returning resultatCombine: schema = struct<id:int,img:string,position_from:double,position_to:double,_defined:boolean> , mrqc=LinearHalfOpenIntervalQueryConfig(Map(position_from -> position_to),List(),HalfOpenInterval(-Infinity,Infinity)) [ScalaTest-main-running-LinearDoubleQueryUtilTest]
- should return expected results
linearCleanupExtend dfDirtyIntervals
2026-08-12 11:47:34 INFO  LinearDoubleQueryUtilTest - (combineMultivarRanges(runId=1)) DONE: returning resultatCombine: schema = struct<id:int,value:double,position_from:double,position_to:double,_defined:boolean> , mrqc=LinearHalfOpenIntervalQueryConfig(Map(position_from -> position_to),List(),HalfOpenInterval(-Infinity,Infinity)) [ScalaTest-main-running-LinearDoubleQueryUtilTest]
- should return expected results
linearCleanupExtend dfDirtyIntervals_NoExtendFillgaps
2026-08-12 11:47:34 INFO  LinearDoubleQueryUtilTest - (combineMultivarRanges(runId=1)) DONE: returning resultatCombine: schema = struct<id:int,value:double,position_from:double,position_to:double,_defined:boolean> , mrqc=LinearHalfOpenIntervalQueryConfig(Map(position_from -> position_to),List(),HalfOpenInterval(-Infinity,Infinity)) [ScalaTest-main-running-LinearDoubleQueryUtilTest]
- should return expected results
linearCleanupExtend validityDuration
2026-08-12 11:47:34 INFO  LinearDoubleQueryUtilTest - (combineMultivarRanges(runId=1)) DONE: returning resultatCombine: schema = struct<id:int,val:string,position_from:double,position_to:double,_defined:boolean> , mrqc=LinearHalfOpenIntervalQueryConfig(Map(position_from -> position_to),List(),HalfOpenInterval(-Infinity,Infinity)) [ScalaTest-main-running-LinearDoubleQueryUtilTest]
- should return expected results
linearCleanupExtend rankExprFromColOnly
2026-08-12 11:47:35 INFO  LinearDoubleQueryUtilTest - (combineMultivarRanges(runId=1)) DONE: returning resultatCombine: schema = struct<id:int,val:string,position_from:double,position_to:double,_defined:boolean> , mrqc=LinearHalfOpenIntervalQueryConfig(Map(position_from -> position_to),List(),HalfOpenInterval(-Infinity,Infinity)) [ScalaTest-main-running-LinearDoubleQueryUtilTest]
- should return expected results
linearCleanupExtend rankExpr2Cols
2026-08-12 11:47:35 INFO  LinearDoubleQueryUtilTest - (combineMultivarRanges(runId=1)) DONE: returning resultatCombine: schema = struct<id:int,val:string,position_from:double,position_to:double,_defined:boolean> , mrqc=LinearHalfOpenIntervalQueryConfig(Map(position_from -> position_to),List(),HalfOpenInterval(-Infinity,Infinity)) [ScalaTest-main-running-LinearDoubleQueryUtilTest]
- should return expected results
linearExtendRange dfLeft
- should return expected results
linearExtendRange dfRight_id
- should return expected results
linearExtendRange dfRight
- should return expected results
rangeInnerJoin dfRight 'on' semantics
2026-08-12 11:47:36 INFO  LinearDoubleQueryUtilTest - (joinRanges) dfJoined.schema = struct<id:int,position_from:double,position_to:double,value_l:double,id:int,position_from2:double,position_to2:double,value_r:double> ; selCols = id,value_l,id,value_r,greatest(position_from, position_from2) AS position_from,least(position_to, position_to2) AS position_to [ScalaTest-main-running-LinearDoubleQueryUtilTest]
- should return expected results
rangeInnerJoin dfRight with 'using' semantics
2026-08-12 11:47:36 INFO  LinearDoubleQueryUtilTest - (joinRanges) dfJoined.schema = struct<id__1:int,position_from:double,position_to:double,value_l:double,id__2:int,position_from2:double,position_to2:double,value_r:double> ; selCols = coalesce(id__1, id__2) AS id,value_l,value_r,greatest(position_from, position_from2) AS position_from,least(position_to, position_to2) AS position_to [ScalaTest-main-running-LinearDoubleQueryUtilTest]
- should return expected results
rangeInnerJoin with equally named columns apart join columns
2026-08-12 11:47:36 INFO  LinearDoubleQueryUtilTest - (joinRanges) dfJoined.schema = struct<id__1:int,position_from:double,position_to:double,value:double,id__2:int,position_from2:double,position_to2:double,value:double> ; selCols = coalesce(id__1, id__2) AS id,value,value,greatest(position_from, position_from2) AS position_from,least(position_to, position_to2) AS position_to [ScalaTest-main-running-LinearDoubleQueryUtilTest]
- should return expected results
linearLeftAntiJoin dfRight
2026-08-12 11:47:36 INFO  LinearDoubleQueryUtilTest - (combineMultivarRanges(runId=1)) DONE: returning resultatCombine: schema = struct<id:int,position_from2:double,position_to2:double> , mrqc=LinearHalfOpenIntervalQueryConfig(Map(position_from2 -> position_to2),List(),HalfOpenInterval(-Infinity,Infinity)) [ScalaTest-main-running-LinearDoubleQueryUtilTest]
2026-08-12 11:47:36 INFO  LinearDoubleQueryUtilTest - (leftAntiJoinRanges) dfComplementRaw.schema = struct<id:int,position_from:double,position_to:double,value_l:double> [ScalaTest-main-running-LinearDoubleQueryUtilTest]
2026-08-12 11:47:36 INFO  LinearDoubleQueryUtilTest - (combineMultivarRanges(runId=1)) DONE: returning resultatCombine: schema = struct<id:int,value_l:double,position_from:double,position_to:double> , mrqc=LinearHalfOpenIntervalQueryConfig(Map(position_from -> position_to),List(),HalfOpenInterval(-Infinity,Infinity)) [ScalaTest-main-running-LinearDoubleQueryUtilTest]
- should return expected results
linearLeftAntiJoin dfMap
2026-08-12 11:47:36 INFO  LinearDoubleQueryUtilTest - (combineMultivarRanges(runId=1)) DONE: returning resultatCombine: schema = struct<id:int,position_from2:double,position_to2:double> , mrqc=LinearHalfOpenIntervalQueryConfig(Map(position_from2 -> position_to2),List(),HalfOpenInterval(-Infinity,Infinity)) [ScalaTest-main-running-LinearDoubleQueryUtilTest]
2026-08-12 11:47:37 INFO  LinearDoubleQueryUtilTest - (leftAntiJoinRanges) dfComplementRaw.schema = struct<id:int,position_from:double,position_to:double,value_l:double> [ScalaTest-main-running-LinearDoubleQueryUtilTest]
2026-08-12 11:47:37 INFO  LinearDoubleQueryUtilTest - (combineMultivarRanges(runId=1)) DONE: returning resultatCombine: schema = struct<id:int,value_l:double,position_from:double,position_to:double> , mrqc=LinearHalfOpenIntervalQueryConfig(Map(position_from -> position_to),List(),HalfOpenInterval(-Infinity,Infinity)) [ScalaTest-main-running-LinearDoubleQueryUtilTest]
- should return expected results
linearLeftAntiJoin dfRight_dfMap
2026-08-12 11:47:37 INFO  LinearDoubleQueryUtilTest - (combineMultivarRanges(runId=1)) DONE: returning resultatCombine: schema = struct<id:int,position_from2:double,position_to2:double> , mrqc=LinearHalfOpenIntervalQueryConfig(Map(position_from2 -> position_to2),List(),HalfOpenInterval(-Infinity,Infinity)) [ScalaTest-main-running-LinearDoubleQueryUtilTest]
2026-08-12 11:47:37 INFO  LinearDoubleQueryUtilTest - (leftAntiJoinRanges) dfComplementRaw.schema = struct<id:int,position_from:double,position_to:double,value_r:double> [ScalaTest-main-running-LinearDoubleQueryUtilTest]
2026-08-12 11:47:37 INFO  LinearDoubleQueryUtilTest - (combineMultivarRanges(runId=1)) DONE: returning resultatCombine: schema = struct<id:int,value_r:double,position_from:double,position_to:double> , mrqc=LinearHalfOpenIntervalQueryConfig(Map(position_from -> position_to),List(),HalfOpenInterval(-Infinity,Infinity)) [ScalaTest-main-running-LinearDoubleQueryUtilTest]
- should return expected results
linearLeftAntiJoin dfMap_dfRight
2026-08-12 11:47:37 INFO  LinearDoubleQueryUtilTest - (combineMultivarRanges(runId=1)) DONE: returning resultatCombine: schema = struct<id:int,position_from2:double,position_to2:double> , mrqc=LinearHalfOpenIntervalQueryConfig(Map(position_from2 -> position_to2),List(),HalfOpenInterval(-Infinity,Infinity)) [ScalaTest-main-running-LinearDoubleQueryUtilTest]
2026-08-12 11:47:37 INFO  LinearDoubleQueryUtilTest - (leftAntiJoinRanges) dfComplementRaw.schema = struct<id:int,position_from:double,position_to:double,img:string> [ScalaTest-main-running-LinearDoubleQueryUtilTest]
2026-08-12 11:47:37 INFO  LinearDoubleQueryUtilTest - (combineMultivarRanges(runId=1)) DONE: returning resultatCombine: schema = struct<id:int,img:string,position_from:double,position_to:double> , mrqc=LinearHalfOpenIntervalQueryConfig(Map(position_from -> position_to),List(),HalfOpenInterval(-Infinity,Infinity)) [ScalaTest-main-running-LinearDoubleQueryUtilTest]
- should return expected results
linearLeftAntiJoin segmented
2026-08-12 11:47:38 WARN  LinearDoubleQueryUtilTest - (leftAntiJoinRanges) no keys specified! additionalJoinFilterCondition = true ; mrqc = LinearHalfOpenIntervalQueryConfig(Map(position_from -> position_to),List(),HalfOpenInterval(-Infinity,Infinity)) [ScalaTest-main-running-LinearDoubleQueryUtilTest]
2026-08-12 11:47:38 INFO  LinearDoubleQueryUtilTest - (combineMultivarRanges(runId=1)) DONE: returning resultatCombine: schema = struct<position_from2:double,position_to2:double> , mrqc=LinearHalfOpenIntervalQueryConfig(Map(position_from2 -> position_to2),List(),HalfOpenInterval(-Infinity,Infinity)) [ScalaTest-main-running-LinearDoubleQueryUtilTest]
2026-08-12 11:47:38 INFO  LinearDoubleQueryUtilTest - (leftAntiJoinRanges) dfComplementRaw.schema = struct<id:int,position_from:double,position_to:double> [ScalaTest-main-running-LinearDoubleQueryUtilTest]
2026-08-12 11:47:38 INFO  LinearDoubleQueryUtilTest - (combineMultivarRanges(runId=1)) DONE: returning resultatCombine: schema = struct<id:int,position_from:double,position_to:double> , mrqc=LinearHalfOpenIntervalQueryConfig(Map(position_from -> position_to),List(),HalfOpenInterval(-Infinity,Infinity)) [ScalaTest-main-running-LinearDoubleQueryUtilTest]
- should return expected results
linearFullJoin dfRight
2026-08-12 11:47:38 INFO  LinearDoubleQueryUtilTest - (joinRanges) dfJoined.schema = struct<id__1:int,value_l:double,position_from:double,position_to:double,_defined_l:boolean,id__2:int,value_r:double,position_from2:double,position_to2:double,_defined_r:boolean> ; selCols = coalesce(id__1, id__2) AS id,value_l,_defined_l,value_r,_defined_r,greatest(position_from, position_from2) AS position_from,least(position_to, position_to2) AS position_to [ScalaTest-main-running-LinearDoubleQueryUtilTest]
2026-08-12 11:47:38 INFO  LinearDoubleQueryUtilTest - (outerJoinRangesWithKey) dfJoinRaw.schema = struct<id:int,value_l:double,value_r:double,position_from:double,position_to:double> [ScalaTest-main-running-LinearDoubleQueryUtilTest]
2026-08-12 11:47:38 INFO  LinearDoubleQueryUtilTest - (combineMultivarRanges(runId=1)) DONE: returning resultatCombine: schema = struct<id:int,value_l:double,value_r:double,position_from:double,position_to:double> , mrqc=LinearHalfOpenIntervalQueryConfig(Map(position_from -> position_to),List(),HalfOpenInterval(-Infinity,Infinity)) [ScalaTest-main-running-LinearDoubleQueryUtilTest]
2026-08-12 11:47:38 INFO  LinearDoubleQueryUtilTest - (combineMultivarRanges(runId=1)) DONE: returning resultatCombine: schema = struct<id:int,value_l:double,value_r:double,position_from:double,position_to:double> , mrqc=LinearHalfOpenIntervalQueryConfig(Map(position_from -> position_to),List(),HalfOpenInterval(-Infinity,Infinity)) [ScalaTest-main-running-LinearDoubleQueryUtilTest]
2026-08-12 11:47:38 INFO  LinearDoubleQueryUtilTest - (combineMultivarRanges(runId=1)) DONE: returning resultatCombine: schema = struct<id:int,value_l:double,value_r:double,position_from:double,position_to:double> , mrqc=LinearHalfOpenIntervalQueryConfig(Map(position_from -> position_to),List(),HalfOpenInterval(-Infinity,Infinity)) [ScalaTest-main-running-LinearDoubleQueryUtilTest]
- should return expected results
linearFullJoin rightMap
2026-08-12 11:47:39 INFO  LinearDoubleQueryUtilTest - (joinRanges) dfJoined.schema = struct<id__1:int,value_l:double,position_from:double,position_to:double,_defined_l:boolean,id__2:int,img:string,position_from2:double,position_to2:double,_defined_r:boolean> ; selCols = coalesce(id__1, id__2) AS id,value_l,_defined_l,img,_defined_r,greatest(position_from, position_from2) AS position_from,least(position_to, position_to2) AS position_to [ScalaTest-main-running-LinearDoubleQueryUtilTest]
2026-08-12 11:47:39 INFO  LinearDoubleQueryUtilTest - (outerJoinRangesWithKey) dfJoinRaw.schema = struct<id:int,value_l:double,img:string,position_from:double,position_to:double> [ScalaTest-main-running-LinearDoubleQueryUtilTest]
2026-08-12 11:47:39 INFO  LinearDoubleQueryUtilTest - (combineMultivarRanges(runId=1)) DONE: returning resultatCombine: schema = struct<id:int,value_l:double,img:string,position_from:double,position_to:double> , mrqc=LinearHalfOpenIntervalQueryConfig(Map(position_from -> position_to),List(),HalfOpenInterval(-Infinity,Infinity)) [ScalaTest-main-running-LinearDoubleQueryUtilTest]
2026-08-12 11:47:39 INFO  LinearDoubleQueryUtilTest - (combineMultivarRanges(runId=1)) DONE: returning resultatCombine: schema = struct<id:int,value_l:double,img:string,position_from:double,position_to:double> , mrqc=LinearHalfOpenIntervalQueryConfig(Map(position_from -> position_to),List(),HalfOpenInterval(-Infinity,Infinity)) [ScalaTest-main-running-LinearDoubleQueryUtilTest]
- should return expected results
linearFullJoin rightMapWithrnkExpressions
2026-08-12 11:47:40 INFO  LinearDoubleQueryUtilTest - (joinRanges) dfJoined.schema = struct<id__1:int,value_l:double,position_from:double,position_to:double,_defined_l:boolean,id__2:int,img:string,position_from2:double,position_to2:double,_defined_r:boolean> ; selCols = coalesce(id__1, id__2) AS id,value_l,_defined_l,img,_defined_r,greatest(position_from, position_from2) AS position_from,least(position_to, position_to2) AS position_to [ScalaTest-main-running-LinearDoubleQueryUtilTest]
2026-08-12 11:47:40 INFO  LinearDoubleQueryUtilTest - (outerJoinRangesWithKey) dfJoinRaw.schema = struct<id:int,value_l:double,img:string,position_from:double,position_to:double> [ScalaTest-main-running-LinearDoubleQueryUtilTest]
2026-08-12 11:47:40 INFO  LinearDoubleQueryUtilTest - (combineMultivarRanges(runId=1)) DONE: returning resultatCombine: schema = struct<id:int,value_l:double,img:string,position_from:double,position_to:double> , mrqc=LinearHalfOpenIntervalQueryConfig(Map(position_from -> position_to),List(),HalfOpenInterval(-Infinity,Infinity)) [ScalaTest-main-running-LinearDoubleQueryUtilTest]
2026-08-12 11:47:40 INFO  LinearDoubleQueryUtilTest - (combineMultivarRanges(runId=1)) DONE: returning resultatCombine: schema = struct<id:int,value_l:double,img:string,position_from:double,position_to:double> , mrqc=LinearHalfOpenIntervalQueryConfig(Map(position_from -> position_to),List(),HalfOpenInterval(-Infinity,Infinity)) [ScalaTest-main-running-LinearDoubleQueryUtilTest]
- should return expected results
linearFullJoin rightMapWithGapsAndRnkExpressions
2026-08-12 11:47:41 INFO  LinearDoubleQueryUtilTest - (joinRanges) dfJoined.schema = struct<id__1:int,value_l:double,position_from:double,position_to:double,_defined_l:boolean,id__2:int,img:string,position_from2:double,position_to2:double,_defined_r:boolean> ; selCols = coalesce(id__1, id__2) AS id,value_l,_defined_l,img,_defined_r,greatest(position_from, position_from2) AS position_from,least(position_to, position_to2) AS position_to [ScalaTest-main-running-LinearDoubleQueryUtilTest]
2026-08-12 11:47:41 INFO  LinearDoubleQueryUtilTest - (outerJoinRangesWithKey) dfJoinRaw.schema = struct<id:int,value_l:double,img:string,position_from:double,position_to:double> [ScalaTest-main-running-LinearDoubleQueryUtilTest]
2026-08-12 11:47:41 INFO  LinearDoubleQueryUtilTest - (combineMultivarRanges(runId=1)) DONE: returning resultatCombine: schema = struct<id:int,value_l:double,img:string,position_from:double,position_to:double> , mrqc=LinearHalfOpenIntervalQueryConfig(Map(position_from -> position_to),List(),HalfOpenInterval(-Infinity,Infinity)) [ScalaTest-main-running-LinearDoubleQueryUtilTest]
2026-08-12 11:47:41 INFO  LinearDoubleQueryUtilTest - (combineMultivarRanges(runId=1)) DONE: returning resultatCombine: schema = struct<id:int,value_l:double,img:string,position_from:double,position_to:double> , mrqc=LinearHalfOpenIntervalQueryConfig(Map(position_from -> position_to),List(),HalfOpenInterval(-Infinity,Infinity)) [ScalaTest-main-running-LinearDoubleQueryUtilTest]
- should return expected results
linearLeftJoin dfRight
2026-08-12 11:47:41 INFO  LinearDoubleQueryUtilTest - (joinRanges) dfJoined.schema = struct<id__1:int,position_from:double,position_to:double,value_l:double,id__2:int,value_r:double,position_from2:double,position_to2:double> ; selCols = coalesce(id__1, id__2) AS id,value_l,value_r,greatest(position_from, position_from2) AS position_from,least(position_to, position_to2) AS position_to [ScalaTest-main-running-LinearDoubleQueryUtilTest]
2026-08-12 11:47:41 INFO  LinearDoubleQueryUtilTest - (outerJoinRangesWithKey) dfJoinRaw.schema = struct<id:int,value_l:double,value_r:double,position_from:double,position_to:double> [ScalaTest-main-running-LinearDoubleQueryUtilTest]
2026-08-12 11:47:41 INFO  LinearDoubleQueryUtilTest - (combineMultivarRanges(runId=1)) DONE: returning resultatCombine: schema = struct<id:int,value_l:double,value_r:double,position_from:double,position_to:double> , mrqc=LinearHalfOpenIntervalQueryConfig(Map(position_from -> position_to),List(),HalfOpenInterval(-Infinity,Infinity)) [ScalaTest-main-running-LinearDoubleQueryUtilTest]
2026-08-12 11:47:41 INFO  LinearDoubleQueryUtilTest - (combineMultivarRanges(runId=1)) DONE: returning resultatCombine: schema = struct<id:int,value_l:double,value_r:double,position_from:double,position_to:double> , mrqc=LinearHalfOpenIntervalQueryConfig(Map(position_from -> position_to),List(),HalfOpenInterval(-Infinity,Infinity)) [ScalaTest-main-running-LinearDoubleQueryUtilTest]
- should return expected results
linearLeftJoin rightMap
2026-08-12 11:47:42 INFO  LinearDoubleQueryUtilTest - (joinRanges) dfJoined.schema = struct<id__1:int,position_from:double,position_to:double,value_l:double,id__2:int,img:string,position_from2:double,position_to2:double> ; selCols = coalesce(id__1, id__2) AS id,value_l,img,greatest(position_from, position_from2) AS position_from,least(position_to, position_to2) AS position_to [ScalaTest-main-running-LinearDoubleQueryUtilTest]
2026-08-12 11:47:42 INFO  LinearDoubleQueryUtilTest - (outerJoinRangesWithKey) dfJoinRaw.schema = struct<id:int,value_l:double,img:string,position_from:double,position_to:double> [ScalaTest-main-running-LinearDoubleQueryUtilTest]
2026-08-12 11:47:42 INFO  LinearDoubleQueryUtilTest - (combineMultivarRanges(runId=1)) DONE: returning resultatCombine: schema = struct<id:int,value_l:double,img:string,position_from:double,position_to:double> , mrqc=LinearHalfOpenIntervalQueryConfig(Map(position_from -> position_to),List(),HalfOpenInterval(-Infinity,Infinity)) [ScalaTest-main-running-LinearDoubleQueryUtilTest]
2026-08-12 11:47:42 INFO  LinearDoubleQueryUtilTest - (combineMultivarRanges(runId=1)) DONE: returning resultatCombine: schema = struct<id:int,value_l:double,img:string,position_from:double,position_to:double> , mrqc=LinearHalfOpenIntervalQueryConfig(Map(position_from -> position_to),List(),HalfOpenInterval(-Infinity,Infinity)) [ScalaTest-main-running-LinearDoubleQueryUtilTest]
- should return expected results
linearLeftJoin rightMapWithrnkExpressions
2026-08-12 11:47:42 INFO  LinearDoubleQueryUtilTest - (joinRanges) dfJoined.schema = struct<id__1:int,position_from:double,position_to:double,value_l:double,id__2:int,img:string,position_from2:double,position_to2:double> ; selCols = coalesce(id__1, id__2) AS id,value_l,img,greatest(position_from, position_from2) AS position_from,least(position_to, position_to2) AS position_to [ScalaTest-main-running-LinearDoubleQueryUtilTest]
2026-08-12 11:47:42 INFO  LinearDoubleQueryUtilTest - (outerJoinRangesWithKey) dfJoinRaw.schema = struct<id:int,value_l:double,img:string,position_from:double,position_to:double> [ScalaTest-main-running-LinearDoubleQueryUtilTest]
2026-08-12 11:47:42 INFO  LinearDoubleQueryUtilTest - (combineMultivarRanges(runId=1)) DONE: returning resultatCombine: schema = struct<id:int,value_l:double,img:string,position_from:double,position_to:double> , mrqc=LinearHalfOpenIntervalQueryConfig(Map(position_from -> position_to),List(),HalfOpenInterval(-Infinity,Infinity)) [ScalaTest-main-running-LinearDoubleQueryUtilTest]
2026-08-12 11:47:42 INFO  LinearDoubleQueryUtilTest - (combineMultivarRanges(runId=1)) DONE: returning resultatCombine: schema = struct<id:int,value_l:double,img:string,position_from:double,position_to:double> , mrqc=LinearHalfOpenIntervalQueryConfig(Map(position_from -> position_to),List(),HalfOpenInterval(-Infinity,Infinity)) [ScalaTest-main-running-LinearDoubleQueryUtilTest]
- should return expected results
linearLeftJoin rightMapWithGapsAndRnkExpressions
2026-08-12 11:47:43 INFO  LinearDoubleQueryUtilTest - (joinRanges) dfJoined.schema = struct<id__1:int,position_from:double,position_to:double,value_l:double,id__2:int,img:string,position_from2:double,position_to2:double> ; selCols = coalesce(id__1, id__2) AS id,value_l,img,greatest(position_from, position_from2) AS position_from,least(position_to, position_to2) AS position_to [ScalaTest-main-running-LinearDoubleQueryUtilTest]
2026-08-12 11:47:43 INFO  LinearDoubleQueryUtilTest - (outerJoinRangesWithKey) dfJoinRaw.schema = struct<id:int,value_l:double,img:string,position_from:double,position_to:double> [ScalaTest-main-running-LinearDoubleQueryUtilTest]
2026-08-12 11:47:43 INFO  LinearDoubleQueryUtilTest - (combineMultivarRanges(runId=1)) DONE: returning resultatCombine: schema = struct<id:int,value_l:double,img:string,position_from:double,position_to:double> , mrqc=LinearHalfOpenIntervalQueryConfig(Map(position_from -> position_to),List(),HalfOpenInterval(-Infinity,Infinity)) [ScalaTest-main-running-LinearDoubleQueryUtilTest]
2026-08-12 11:47:43 INFO  LinearDoubleQueryUtilTest - (combineMultivarRanges(runId=1)) DONE: returning resultatCombine: schema = struct<id:int,value_l:double,img:string,position_from:double,position_to:double> , mrqc=LinearHalfOpenIntervalQueryConfig(Map(position_from -> position_to),List(),HalfOpenInterval(-Infinity,Infinity)) [ScalaTest-main-running-LinearDoubleQueryUtilTest]
- should return expected results
linearLeftJoin with equally named columns apart join columns
2026-08-12 11:47:43 INFO  LinearDoubleQueryUtilTest - (joinRanges) dfJoined.schema = struct<id__1:int,position_from:double,position_to:double,value:double,id__2:int,value:double,position_from2:double,position_to2:double> ; selCols = coalesce(id__1, id__2) AS id,value,value,greatest(position_from, position_from2) AS position_from,least(position_to, position_to2) AS position_to [ScalaTest-main-running-LinearDoubleQueryUtilTest]
2026-08-12 11:47:43 INFO  LinearDoubleQueryUtilTest - (outerJoinRangesWithKey) dfJoinRaw.schema = struct<id:int,value:double,value:double,position_from:double,position_to:double> [ScalaTest-main-running-LinearDoubleQueryUtilTest]
2026-08-12 11:47:43 ERROR LinearDoubleQueryUtilTest - (combineDimensionRanges) Could not combine ranges! [ScalaTest-main-running-LinearDoubleQueryUtilTest]
2026-08-12 11:47:43 ERROR LinearDoubleQueryUtilTest - (combineDimensionRanges) df.schema                   = struct<id:int,value:double,value:double,position_from:double,position_to:double> [ScalaTest-main-running-LinearDoubleQueryUtilTest]
2026-08-12 11:47:43 ERROR LinearDoubleQueryUtilTest - (combineDimensionRanges) dim                         = IntervalQueryDimension(position_from,position_to,position_from2,position_to2,-Infinity,Infinity,HalfOpenInterval(-Infinity,Infinity)) [ScalaTest-main-running-LinearDoubleQueryUtilTest]
2026-08-12 11:47:43 ERROR LinearDoubleQueryUtilTest - (combineDimensionRanges) additionalTechnicalColNames = List() [ScalaTest-main-running-LinearDoubleQueryUtilTest]
2026-08-12 11:47:43 ERROR LinearDoubleQueryUtilTest - (combineDimensionRanges) ignoreColNames              = List() [ScalaTest-main-running-LinearDoubleQueryUtilTest]
2026-08-12 11:47:43 WARN  LinearDoubleQueryUtilTest - (outerJoinRangesWithKey) Could not combine ranges of dfJoinRaw! Returning dfJoinRaw with uncombined ranges  [ScalaTest-main-running-LinearDoubleQueryUtilTest]
- should return expected results
linearRightJoin dfRight
2026-08-12 11:47:43 INFO  LinearDoubleQueryUtilTest - (joinRanges) dfJoined.schema = struct<id__1:int,value_l:double,position_from:double,position_to:double,id__2:int,position_from2:double,position_to2:double,value_r:double> ; selCols = coalesce(id__1, id__2) AS id,value_l,value_r,greatest(position_from, position_from2) AS position_from,least(position_to, position_to2) AS position_to [ScalaTest-main-running-LinearDoubleQueryUtilTest]
2026-08-12 11:47:43 INFO  LinearDoubleQueryUtilTest - (outerJoinRangesWithKey) dfJoinRaw.schema = struct<id:int,value_l:double,value_r:double,position_from:double,position_to:double> [ScalaTest-main-running-LinearDoubleQueryUtilTest]
2026-08-12 11:47:43 INFO  LinearDoubleQueryUtilTest - (combineMultivarRanges(runId=1)) DONE: returning resultatCombine: schema = struct<id:int,value_l:double,value_r:double,position_from:double,position_to:double> , mrqc=LinearHalfOpenIntervalQueryConfig(Map(position_from -> position_to),List(),HalfOpenInterval(-Infinity,Infinity)) [ScalaTest-main-running-LinearDoubleQueryUtilTest]
2026-08-12 11:47:43 INFO  LinearDoubleQueryUtilTest - (combineMultivarRanges(runId=1)) DONE: returning resultatCombine: schema = struct<id:int,value_l:double,value_r:double,position_from:double,position_to:double> , mrqc=LinearHalfOpenIntervalQueryConfig(Map(position_from -> position_to),List(),HalfOpenInterval(-Infinity,Infinity)) [ScalaTest-main-running-LinearDoubleQueryUtilTest]
- should return expected results
linearRightJoin rightMap
2026-08-12 11:47:44 INFO  LinearDoubleQueryUtilTest - (joinRanges) dfJoined.schema = struct<id__1:int,value_l:double,position_from:double,position_to:double,id__2:int,position_from2:double,position_to2:double,img:string> ; selCols = coalesce(id__1, id__2) AS id,value_l,img,greatest(position_from, position_from2) AS position_from,least(position_to, position_to2) AS position_to [ScalaTest-main-running-LinearDoubleQueryUtilTest]
2026-08-12 11:47:44 INFO  LinearDoubleQueryUtilTest - (outerJoinRangesWithKey) dfJoinRaw.schema = struct<id:int,value_l:double,img:string,position_from:double,position_to:double> [ScalaTest-main-running-LinearDoubleQueryUtilTest]
2026-08-12 11:47:44 INFO  LinearDoubleQueryUtilTest - (combineMultivarRanges(runId=1)) DONE: returning resultatCombine: schema = struct<id:int,value_l:double,img:string,position_from:double,position_to:double> , mrqc=LinearHalfOpenIntervalQueryConfig(Map(position_from -> position_to),List(),HalfOpenInterval(-Infinity,Infinity)) [ScalaTest-main-running-LinearDoubleQueryUtilTest]
2026-08-12 11:47:44 INFO  LinearDoubleQueryUtilTest - (combineMultivarRanges(runId=1)) DONE: returning resultatCombine: schema = struct<id:int,value_l:double,img:string,position_from:double,position_to:double> , mrqc=LinearHalfOpenIntervalQueryConfig(Map(position_from -> position_to),List(),HalfOpenInterval(-Infinity,Infinity)) [ScalaTest-main-running-LinearDoubleQueryUtilTest]
- should return expected results
linearRightJoin rightMapWithrnkExpressions
2026-08-12 11:47:44 INFO  LinearDoubleQueryUtilTest - (joinRanges) dfJoined.schema = struct<id__1:int,value_l:double,position_from:double,position_to:double,id__2:int,position_from2:double,position_to2:double,img:string> ; selCols = coalesce(id__1, id__2) AS id,value_l,img,greatest(position_from, position_from2) AS position_from,least(position_to, position_to2) AS position_to [ScalaTest-main-running-LinearDoubleQueryUtilTest]
2026-08-12 11:47:44 INFO  LinearDoubleQueryUtilTest - (outerJoinRangesWithKey) dfJoinRaw.schema = struct<id:int,value_l:double,img:string,position_from:double,position_to:double> [ScalaTest-main-running-LinearDoubleQueryUtilTest]
2026-08-12 11:47:44 INFO  LinearDoubleQueryUtilTest - (combineMultivarRanges(runId=1)) DONE: returning resultatCombine: schema = struct<id:int,value_l:double,img:string,position_from:double,position_to:double> , mrqc=LinearHalfOpenIntervalQueryConfig(Map(position_from -> position_to),List(),HalfOpenInterval(-Infinity,Infinity)) [ScalaTest-main-running-LinearDoubleQueryUtilTest]
2026-08-12 11:47:44 INFO  LinearDoubleQueryUtilTest - (combineMultivarRanges(runId=1)) DONE: returning resultatCombine: schema = struct<id:int,value_l:double,img:string,position_from:double,position_to:double> , mrqc=LinearHalfOpenIntervalQueryConfig(Map(position_from -> position_to),List(),HalfOpenInterval(-Infinity,Infinity)) [ScalaTest-main-running-LinearDoubleQueryUtilTest]
- should return expected results
linearRightJoin rightMapWithGapsAndRnkExpressions
2026-08-12 11:47:45 INFO  LinearDoubleQueryUtilTest - (joinRanges) dfJoined.schema = struct<id__1:int,value_l:double,position_from:double,position_to:double,id__2:int,position_from2:double,position_to2:double,img:string> ; selCols = coalesce(id__1, id__2) AS id,value_l,img,greatest(position_from, position_from2) AS position_from,least(position_to, position_to2) AS position_to [ScalaTest-main-running-LinearDoubleQueryUtilTest]
2026-08-12 11:47:45 INFO  LinearDoubleQueryUtilTest - (outerJoinRangesWithKey) dfJoinRaw.schema = struct<id:int,value_l:double,img:string,position_from:double,position_to:double> [ScalaTest-main-running-LinearDoubleQueryUtilTest]
2026-08-12 11:47:45 INFO  LinearDoubleQueryUtilTest - (combineMultivarRanges(runId=1)) DONE: returning resultatCombine: schema = struct<id:int,value_l:double,img:string,position_from:double,position_to:double> , mrqc=LinearHalfOpenIntervalQueryConfig(Map(position_from -> position_to),List(),HalfOpenInterval(-Infinity,Infinity)) [ScalaTest-main-running-LinearDoubleQueryUtilTest]
2026-08-12 11:47:45 INFO  LinearDoubleQueryUtilTest - (combineMultivarRanges(runId=1)) DONE: returning resultatCombine: schema = struct<id:int,value_l:double,img:string,position_from:double,position_to:double> , mrqc=LinearHalfOpenIntervalQueryConfig(Map(position_from -> position_to),List(),HalfOpenInterval(-Infinity,Infinity)) [ScalaTest-main-running-LinearDoubleQueryUtilTest]
- should return expected results
linearCombine dfRight
2026-08-12 11:47:46 INFO  LinearDoubleQueryUtilTest - (combineMultivarRanges(runId=1)) DONE: returning resultatCombine: schema = struct<id:int,position_from:double,position_to:double,value_r:double> , mrqc=LinearHalfOpenIntervalQueryConfig(Map(position_from -> position_to),List(),HalfOpenInterval(-Infinity,Infinity)) [ScalaTest-main-running-LinearDoubleQueryUtilTest]
- should return expected results
linearCombine dropped column
2026-08-12 11:47:46 INFO  LinearDoubleQueryUtilTest - (combineMultivarRanges(runId=1)) DONE: returning resultatCombine: schema = struct<id:int,position_from:double,position_to:double,value_r:double> , mrqc=LinearHalfOpenIntervalQueryConfig(Map(position_from -> position_to),List(),HalfOpenInterval(-Infinity,Infinity)) [ScalaTest-main-running-LinearDoubleQueryUtilTest]
- should return expected results
linearCombine dfMapToCombine
2026-08-12 11:47:46 INFO  LinearDoubleQueryUtilTest - (combineMultivarRanges(runId=1)) DONE: returning resultatCombine: schema = struct<id:int,position_from:double,position_to:double,img:string> , mrqc=LinearHalfOpenIntervalQueryConfig(Map(position_from -> position_to),List(),HalfOpenInterval(-Infinity,Infinity)) [ScalaTest-main-running-LinearDoubleQueryUtilTest]
- should return expected results
linearCombine dfDirtyIntervals
2026-08-12 11:47:46 INFO  LinearDoubleQueryUtilTest - (combineMultivarRanges(runId=1)) DONE: returning resultatCombine: schema = struct<id:int,position_from:double,position_to:double,value:double> , mrqc=LinearHalfOpenIntervalQueryConfig(Map(position_from -> position_to),List(),HalfOpenInterval(-Infinity,Infinity)) [ScalaTest-main-running-LinearDoubleQueryUtilTest]
- should return expected results
linearCombine documentation
2026-08-12 11:47:46 INFO  LinearDoubleQueryUtilTest - (combineMultivarRanges(runId=1)) DONE: returning resultatCombine: schema = struct<id:int,position_from:double,position_to:double,value:double> , mrqc=LinearHalfOpenIntervalQueryConfig(Map(position_from -> position_to),List(),HalfOpenInterval(-Infinity,Infinity)) [ScalaTest-main-running-LinearDoubleQueryUtilTest]
- should return expected results
linearUnifyRanges dfMoment
2026-08-12 11:47:46 INFO  LinearDoubleQueryUtilTest - expected: [ScalaTest-main-running-LinearDoubleQueryUtilTest]
+---+-------------+-----------+---+
|id |position_from|position_to|img|
+---+-------------+-----------+---+
+---+-------------+-----------+---+

- should return expected results
temporalUnifyRanges dfSmallOverlap
- should return expected results
linearUnifyRanges dfMap
- should return expected results
ClosedIntervalTest:
ceil timestamp millis
- should return expected results
floor timestamp millis
- should return expected results
predecessor millis
- should return expected results
successor millis
- should return expected results
ceil timestamp second
- should return expected results
floor timestamp second
- should return expected results
predecessor second
- should return expected results
successor second
- should return expected results
cut off at boundaries
- should return expected results
ceil long step2
- should return expected results
floor long step2
- should return expected results
predecessor long step2
- should return expected results
successor long step2
- should return expected results
2026-08-12 11:47:47 INFO  BiDimHalfopenIntervalTests - expected result: [ScalaTest-main-running-BiDimHalfopenIntervalTests]
BiDimHalfopenIntervalTests:
rangeCombine
+------+----+------+----+-----+
|x_from|x_to|y_from|y_to|value|
+------+----+------+----+-----+
|0.0   |1.0 |0.0   |1.0 |A    |
+------+----+------+----+-----+

2026-08-12 11:47:47 INFO  BiDimHalfopenIntervalTests - df.count() = 4 ; df.distinct().count() = 4 ; df.schema = struct<x_from:double,x_to:double,y_from:double,y_to:double,value:string> [ScalaTest-main-running-BiDimHalfopenIntervalTests]
2026-08-12 11:47:47 INFO  BiDimHalfopenIntervalTests - (combineMultivarRanges(runId=2)) DONE: returning resultatCombine: schema = struct<x_from:double,x_to:double,y_from:double,y_to:double,value:string> , mrqc=BiLinearHalfOpenIntervalQueryConfig(Map(x_from -> (x_to,HalfOpenInterval(-Infinity,Infinity)), y_from -> (y_to,HalfOpenInterval(-Infinity,Infinity))),List()) [ScalaTest-main-running-BiDimHalfopenIntervalTests]
2026-08-12 11:47:47 INFO  BiDimHalfopenIntervalTests - df.count() = 19 ; df.distinct().count() = 19 ; df.schema = struct<x_from:double,x_to:double,y_from:double,y_to:double,value:string> [ScalaTest-main-running-BiDimHalfopenIntervalTests]
2026-08-12 11:47:50 INFO  BiDimHalfopenIntervalTests - (combineMultivarRanges(runId=5)) DONE: returning resultatCombine: schema = struct<x_from:double,x_to:double,y_from:double,y_to:double,value:string> , mrqc=BiLinearHalfOpenIntervalQueryConfig(Map(x_from -> (x_to,HalfOpenInterval(-Infinity,Infinity)), y_from -> (y_to,HalfOpenInterval(-Infinity,Infinity))),List()) [ScalaTest-main-running-BiDimHalfopenIntervalTests]
2026-08-12 11:47:51 INFO  BiDimHalfopenIntervalTests - df.count() = 7 ; df.distinct().count() = 7 ; df.schema = struct<x_from:double,x_to:double,y_from:double,y_to:double,value:string> [ScalaTest-main-running-BiDimHalfopenIntervalTests]
2026-08-12 11:47:52 INFO  BiDimHalfopenIntervalTests - (combineMultivarRanges(runId=3)) DONE: returning resultatCombine: schema = struct<x_from:double,x_to:double,y_from:double,y_to:double,value:string> , mrqc=BiLinearHalfOpenIntervalQueryConfig(Map(x_from -> (x_to,HalfOpenInterval(-Infinity,Infinity)), y_from -> (y_to,HalfOpenInterval(-Infinity,Infinity))),List()) [ScalaTest-main-running-BiDimHalfopenIntervalTests]
2026-08-12 11:47:52 INFO  BiDimHalfopenIntervalTests - df.count() = 37 ; df.distinct().count() = 37 ; df.schema = struct<x_from:double,x_to:double,y_from:double,y_to:double,value:string> [ScalaTest-main-running-BiDimHalfopenIntervalTests]
2026-08-12 11:47:58 INFO  BiDimHalfopenIntervalTests - (combineMultivarRanges(runId=7)) DONE: returning resultatCombine: schema = struct<x_from:double,x_to:double,y_from:double,y_to:double,value:string> , mrqc=BiLinearHalfOpenIntervalQueryConfig(Map(x_from -> (x_to,HalfOpenInterval(-Infinity,Infinity)), y_from -> (y_to,HalfOpenInterval(-Infinity,Infinity))),List()) [ScalaTest-main-running-BiDimHalfopenIntervalTests]
2026-08-12 11:48:00 INFO  BiDimHalfopenIntervalTests - df.count() = 25 ; df.distinct().count() = 25 ; df.schema = struct<x_from:double,x_to:double,y_from:double,y_to:double,value:string> [ScalaTest-main-running-BiDimHalfopenIntervalTests]
2026-08-12 11:48:04 INFO  BiDimHalfopenIntervalTests - (combineMultivarRanges(runId=6)) DONE: returning resultatCombine: schema = struct<x_from:double,x_to:double,y_from:double,y_to:double,value:string> , mrqc=BiLinearHalfOpenIntervalQueryConfig(Map(x_from -> (x_to,HalfOpenInterval(-Infinity,Infinity)), y_from -> (y_to,HalfOpenInterval(-Infinity,Infinity))),List()) [ScalaTest-main-running-BiDimHalfopenIntervalTests]
2026-08-12 11:48:06 INFO  BiDimHalfopenIntervalTests - df.count() = 121 ; df.distinct().count() = 121 ; df.schema = struct<x_from:double,x_to:double,y_from:double,y_to:double,value:string> [ScalaTest-main-running-BiDimHalfopenIntervalTests]
2026-08-12 11:48:15 INFO  BiDimHalfopenIntervalTests - (combineMultivarRanges(runId=9)) DONE: returning resultatCombine: schema = struct<x_from:double,x_to:double,y_from:double,y_to:double,value:string> , mrqc=BiLinearHalfOpenIntervalQueryConfig(Map(x_from -> (x_to,HalfOpenInterval(-Infinity,Infinity)), y_from -> (y_to,HalfOpenInterval(-Infinity,Infinity))),List()) [ScalaTest-main-running-BiDimHalfopenIntervalTests]
2026-08-12 11:48:18 INFO  BiDimHalfopenIntervalTests - df.count() = 163 ; df.distinct().count() = 163 ; df.schema = struct<x_from:double,x_to:double,y_from:double,y_to:double,value:string> [ScalaTest-main-running-BiDimHalfopenIntervalTests]
2026-08-12 11:48:27 INFO  BiDimHalfopenIntervalTests - (combineMultivarRanges(runId=9)) DONE: returning resultatCombine: schema = struct<x_from:double,x_to:double,y_from:double,y_to:double,value:string> , mrqc=BiLinearHalfOpenIntervalQueryConfig(Map(x_from -> (x_to,HalfOpenInterval(-Infinity,Infinity)), y_from -> (y_to,HalfOpenInterval(-Infinity,Infinity))),List()) [ScalaTest-main-running-BiDimHalfopenIntervalTests]
2026-08-12 11:48:30 INFO  BiDimHalfopenIntervalTests - df.count() = 127 ; df.distinct().count() = 127 ; df.schema = struct<x_from:double,x_to:double,y_from:double,y_to:double,value:string> [ScalaTest-main-running-BiDimHalfopenIntervalTests]
2026-08-12 11:48:59 INFO  BiDimHalfopenIntervalTests - (combineMultivarRanges(runId=14)) DONE: returning resultatCombine: schema = struct<x_from:double,x_to:double,y_from:double,y_to:double,value:string> , mrqc=BiLinearHalfOpenIntervalQueryConfig(Map(x_from -> (x_to,HalfOpenInterval(-Infinity,Infinity)), y_from -> (y_to,HalfOpenInterval(-Infinity,Infinity))),List()) [ScalaTest-main-running-BiDimHalfopenIntervalTests]
2026-08-12 11:49:05 INFO  BiDimHalfopenIntervalTests - df.count() = 127 ; df.distinct().count() = 127 ; df.schema = struct<x_from:double,x_to:double,y_from:double,y_to:double,value:string> [ScalaTest-main-running-BiDimHalfopenIntervalTests]
2026-08-12 11:49:28 INFO  BiDimHalfopenIntervalTests - (combineMultivarRanges(runId=13)) DONE: returning resultatCombine: schema = struct<x_from:double,x_to:double,y_from:double,y_to:double,value:string> , mrqc=BiLinearHalfOpenIntervalQueryConfig(Map(x_from -> (x_to,HalfOpenInterval(-Infinity,Infinity)), y_from -> (y_to,HalfOpenInterval(-Infinity,Infinity))),List()) [ScalaTest-main-running-BiDimHalfopenIntervalTests]
2026-08-12 11:49:33 INFO  BiDimHalfopenIntervalTests - df.count() = 256 ; df.distinct().count() = 256 ; df.schema = struct<x_from:double,x_to:double,y_from:double,y_to:double,value:string> [ScalaTest-main-running-BiDimHalfopenIntervalTests]
2026-08-12 11:49:49 INFO  BiDimHalfopenIntervalTests - (combineMultivarRanges(runId=11)) DONE: returning resultatCombine: schema = struct<x_from:double,x_to:double,y_from:double,y_to:double,value:string> , mrqc=BiLinearHalfOpenIntervalQueryConfig(Map(x_from -> (x_to,HalfOpenInterval(-Infinity,Infinity)), y_from -> (y_to,HalfOpenInterval(-Infinity,Infinity))),List()) [ScalaTest-main-running-BiDimHalfopenIntervalTests]
- should combine everything possible of every generated dataFrame
2026-08-12 11:49:53 INFO  SVGexportTest - SVGexportTest: halfopenBiTemporalConfig = BiLinearHalfOpenIntervalQueryConfig(Map(known_from -> (known_to,HalfOpenInterval(1970-01-01 00:00:00.0,9999-12-31 00:00:00.0)), valid_from -> (valid_to,HalfOpenInterval(1970-01-01 00:00:00.0,9999-12-31 00:00:00.0))),List()) [ScalaTest-main-running-SVGexportTest]
SVGexportTest:
toSvg
2026-08-12 11:49:53 INFO  SVGexportTest - Voilà df dfDenseTime as SVG: [ScalaTest-main-running-SVGexportTest]
+---+------------------------+------------------------+--------------------------+--------------------------+-----+
|id |known_from              |known_to                |valid_from                |valid_to                  |value|
+---+------------------------+------------------------+--------------------------+--------------------------+-----+
|0  |1970-01-01 00:00:00     |9999-12-31 00:00:00     |2019-02-01 02:34:56.1235  |2019-02-01 02:34:56.1245  |42.0 |
|0  |2019-01-01 08:00:00     |2019-03-15 00:00:00     |2019-01-01 00:00:00.123456|2019-01-05 12:34:56.123456|3.14 |
|0  |2019-03-10 12:00:00     |9999-12-31 00:00:00     |2019-03-03 00:00:00       |2019-04-04 00:00:00       |12.0 |
|0  |2019-03-15 00:00:00     |9999-12-31 00:00:00     |2019-01-05 12:34:56.123456|2019-02-01 02:34:56.1235  |2.72 |
|0  |2019-03-25 14:00:00     |9999-12-31 00:00:00     |2019-02-01 02:34:56.1245  |2019-03-03 00:00:00       |13.0 |
|0  |2019-09-05 02:34:56.1231|2019-09-05 02:34:56.1239|2019-09-05 02:34:56.1231  |2019-09-05 02:34:56.1239  |42.0 |
|0  |2020-06-01 00:00:00     |9999-12-31 00:00:00     |2020-01-01 01:00:00       |9999-12-31 23:59:59.999999|18.17|
+---+------------------------+------------------------+--------------------------+--------------------------+-----+

<svg xmlns="http://www.w3.org/2000/svg" viewBox="0 0 1044 742">
  <rect x="20" y="0" width="1024" height="724" fill="none" stroke="black" stroke-width="1"/>
  <text x="22" y="738" font-size="11" fill="#444" text-anchor="start">known_from</text>
  <text x="1042" y="738" font-size="11" fill="#444" text-anchor="end">known_to</text>
  <text x="10" y="543" font-size="11" fill="#444" text-anchor="middle" transform="rotate(-90,10,543)">valid_from</text>
  <text x="10" y="181" font-size="11" fill="#444" text-anchor="middle" transform="rotate(-90,10,181)">valid_to</text>
  <!-- known_from=2019-01-01 08:00:00.0 known_to=2019-03-15 00:00:00.0 valid_from=2019-01-01 00:00:00.123456 valid_to=2019-01-05 12:34:56.123456 value=3.14 -->
  <rect x="105.33" y="656.23" width="120.03" height="7.47" fill="#000bff"/>
  <text x="165.35" y="659.97" font-size="3.74" fill="black" text-anchor="middle" dominant-baseline="middle">3.14</text>
  <!-- known_from=2019-03-15 00:00:00.0 known_to=9999-12-31 00:00:00.0 valid_from=2019-01-05 12:34:56.123456 valid_to=2019-02-01 02:34:56.1235 value=2.72 -->
  <rect x="225.36" y="612.32" width="4814717.68" height="43.91" fill="#0000ff"/>
  <text x="634.68" y="634.28" font-size="21.95" fill="black" text-anchor="middle" dominant-baseline="middle">2.72</text>
  <!-- known_from=1970-01-01 00:00:00.0 known_to=9999-12-31 00:00:00.0 valid_from=2019-02-01 02:34:56.1235 valid_to=2019-02-01 02:34:56.1245 value=42.0 -->
  <rect x="-29456.52" y="612.32" width="4844399.55" height="0.00" fill="#ff0000"/>
  <text x="532.00" y="612.32" font-size="0.00" fill="black" text-anchor="middle" dominant-baseline="middle">42.0</text>
  <!-- known_from=2019-03-25 14:00:00.0 known_to=9999-12-31 00:00:00.0 valid_from=2019-02-01 02:34:56.1245 valid_to=2019-03-03 00:00:00.0 value=13.0 -->
  <rect x="242.84" y="562.95" width="4814700.20" height="49.37" fill="#00fff3"/>
  <text x="643.42" y="587.64" font-size="24.69" fill="black" text-anchor="middle" dominant-baseline="middle">13.0</text>
  <!-- known_from=2019-03-10 12:00:00.0 known_to=9999-12-31 00:00:00.0 valid_from=2019-03-03 00:00:00.0 valid_to=2019-04-04 00:00:00.0 value=12.0 -->
  <rect x="217.93" y="510.16" width="4814725.11" height="52.79" fill="#00f1ff"/>
  <text x="630.96" y="536.55" font-size="26.39" fill="black" text-anchor="middle" dominant-baseline="middle">12.0</text>
  <!-- known_from=2019-09-05 02:34:56.1231 known_to=2019-09-05 02:34:56.1239 valid_from=2019-09-05 02:34:56.1231 valid_to=2019-09-05 02:34:56.1239 value=42.0 -->
  <rect x="512.87" y="255.61" width="0.00" height="0.00" fill="#ff0000"/>
  <!-- known_from=2020-06-01 00:00:00.0 known_to=9999-12-31 00:00:00.0 valid_from=2020-01-01 01:00:00.0 valid_to=9999-12-31 23:59:59.999999 value=18.17 -->
  <rect x="958.67" y="-4814174.55" width="4813984.37" height="4814235.30" fill="#00ff6d"/>
  <text x="1001.33" y="30.37" font-size="30.37" fill="black" text-anchor="middle" dominant-baseline="middle">18.17</text>
</svg>
- should produce a well-formed SVG for dfDenseTime (id=0) with half-open intervals
toSvg
+---+-------------------+-----------------------+-----------------------+-----------------------+-----+
|id |known_from         |known_to               |valid_from             |valid_to               |value|
+---+-------------------+-----------------------+-----------------------+-----------------------+-----+
|0  |1970-01-01 00:00:00|9999-12-31 00:00:00    |2019-02-01 02:34:56.124|2019-02-01 02:34:56.124|42.0 |
|0  |2019-01-01 08:00:00|2019-03-14 23:59:59.999|2019-01-01 00:00:00.124|2019-01-05 12:34:56.123|3.14 |
|0  |2019-03-10 12:00:00|9999-12-31 00:00:00    |2019-03-03 00:00:00    |2019-04-03 23:59:59.999|12.0 |
|0  |2019-03-15 00:00:00|9999-12-31 00:00:00    |2019-01-05 12:34:56.124|2019-02-01 02:34:56.123|2.72 |
|0  |2019-03-25 14:00:00|9999-12-31 00:00:00    |2019-02-01 02:34:56.125|2019-03-02 23:59:59.999|13.0 |
|0  |2020-06-01 00:00:00|9999-12-31 00:00:00    |2020-01-01 01:00:00    |9999-12-31 00:00:00    |18.17|
+---+-------------------+-----------------------+-----------------------+-----------------------+-----+

<svg xmlns="http://www.w3.org/2000/svg" viewBox="0 0 1044 742">
  <rect x="20" y="0" width="1024" height="724" fill="none" stroke="black" stroke-width="1"/>
  <text x="22" y="738" font-size="11" fill="#444" text-anchor="start">known_from</text>
  <text x="1042" y="738" font-size="11" fill="#444" text-anchor="end">known_to</text>
  <text x="10" y="543" font-size="11" fill="#444" text-anchor="middle" transform="rotate(-90,10,543)">valid_from</text>
  <text x="10" y="181" font-size="11" fill="#444" text-anchor="middle" transform="rotate(-90,10,181)">valid_to</text>
  <!-- known_from=2019-01-01 08:00:00.0 known_to=2019-03-14 23:59:59.999 valid_from=2019-01-01 00:00:00.124 valid_to=2019-01-05 12:34:56.123 value=3.14 -->
  <rect x="105.33" y="656.23" width="120.03" height="7.47" fill="#000bff" stroke="black" stroke-width="0.5"/>
  <text x="165.35" y="659.97" font-size="3.74" fill="black" text-anchor="middle" dominant-baseline="middle">3.14</text>
  <!-- known_from=2019-03-15 00:00:00.0 known_to=9999-12-31 00:00:00.0 valid_from=2019-01-05 12:34:56.124 valid_to=2019-02-01 02:34:56.123 value=2.72 -->
  <rect x="225.36" y="612.32" width="4814717.68" height="43.91" fill="#0000ff" stroke="black" stroke-width="0.5"/>
  <text x="634.68" y="634.28" font-size="21.95" fill="black" text-anchor="middle" dominant-baseline="middle">2.72</text>
  <!-- known_from=1970-01-01 00:00:00.0 known_to=9999-12-31 00:00:00.0 valid_from=2019-02-01 02:34:56.124 valid_to=2019-02-01 02:34:56.124 value=42.0 -->
  <rect x="-29456.52" y="612.32" width="4844399.55" height="0.00" fill="#ff0000" stroke="black" stroke-width="0.5"/>
  <text x="532.00" y="612.32" font-size="0.00" fill="black" text-anchor="middle" dominant-baseline="middle">42.0</text>
  <!-- known_from=2019-03-25 14:00:00.0 known_to=9999-12-31 00:00:00.0 valid_from=2019-02-01 02:34:56.125 valid_to=2019-03-02 23:59:59.999 value=13.0 -->
  <rect x="242.84" y="562.95" width="4814700.20" height="49.37" fill="#00fff3" stroke="black" stroke-width="0.5"/>
  <text x="643.42" y="587.64" font-size="24.69" fill="black" text-anchor="middle" dominant-baseline="middle">13.0</text>
  <!-- known_from=2019-03-10 12:00:00.0 known_to=9999-12-31 00:00:00.0 valid_from=2019-03-03 00:00:00.0 valid_to=2019-04-03 23:59:59.999 value=12.0 -->
  <rect x="217.93" y="510.16" width="4814725.11" height="52.79" fill="#00f1ff" stroke="black" stroke-width="0.5"/>
  <text x="630.96" y="536.55" font-size="26.39" fill="black" text-anchor="middle" dominant-baseline="middle">12.0</text>
  <!-- known_from=2020-06-01 00:00:00.0 known_to=9999-12-31 00:00:00.0 valid_from=2020-01-01 01:00:00.0 valid_to=9999-12-31 00:00:00.0 value=18.17 -->
  <rect x="958.67" y="-4814174.55" width="4813984.37" height="4814235.30" fill="#00ff6d" stroke="black" stroke-width="0.5"/>
  <text x="1001.33" y="30.37" font-size="30.37" fill="black" text-anchor="middle" dominant-baseline="middle">18.17</text>
</svg>
- should produce a well-formed SVG for dfDenseTime (id=0) discretised with closed intervals
HalfOpenIntervalTest:
cut off at boundaries
- should return expected results
diff
- should calculate minuend-subtrahend
BiTemporalClosedMixedTest:
rangeDense2discrete
- should round to ms without adding gaps or overlaps
TemporalClosedQueryUtilTest:
MultivarRangeUnion.intersect
- should return the intersection of 2 MultivarRangeUnions
complementFamily
- should return the complement of a family
rangeCleanupExtend and rangeCombine
2026-08-12 11:49:53 INFO  TemporalClosedQueryUtilTest - (combineMultivarRanges(runId=1)) DONE: returning resultatCombine: schema = struct<id:int,value_l:double,valid_from:timestamp,valid_to:timestamp,_defined:boolean> , mrqc=LinearClosedIntervalQueryConfig(Map(valid_from -> valid_to),List(),ClosedInterval(1970-01-01 00:00:00.0,9999-12-31 00:00:00.0,DiscreteTimeAxis(Millis))) [ScalaTest-main-running-TemporalClosedQueryUtilTest]
- should extend and combine dfLeft
rangeCleanupExtend and rangeCombine
2026-08-12 11:49:53 INFO  TemporalClosedQueryUtilTest - (combineMultivarRanges(runId=1)) DONE: returning resultatCombine: schema = struct<id:int,value_r:double,valid_from:timestamp,valid_to:timestamp,_defined:boolean> , mrqc=LinearClosedIntervalQueryConfig(Map(valid_from -> valid_to),List(),ClosedInterval(1970-01-01 00:00:00.0,9999-12-31 00:00:00.0,DiscreteTimeAxis(Millis))) [ScalaTest-main-running-TemporalClosedQueryUtilTest]
- should combine ranges of dfRight without extending or filling gaps
rangeCleanupExtend and rangeCombine
2026-08-12 11:49:54 INFO  TemporalClosedQueryUtilTest - (combineMultivarRanges(runId=1)) DONE: returning resultatCombine: schema = struct<id:int,value_r:double,valid_from:timestamp,valid_to:timestamp,_defined:boolean> , mrqc=LinearClosedIntervalQueryConfig(Map(valid_from -> valid_to),List(),ClosedInterval(1970-01-01 00:00:00.0,9999-12-31 00:00:00.0,DiscreteTimeAxis(Millis))) [ScalaTest-main-running-TemporalClosedQueryUtilTest]
- should combine ranges and fill gaps of dfRight without extending
rangeCleanupExtend and rangeCombine
2026-08-12 11:49:54 WARN  TemporalClosedQueryUtilTest - (cleanupExtendRanges) extend=true has no effect if fillGapsWithNull=false! [ScalaTest-main-running-TemporalClosedQueryUtilTest]
2026-08-12 11:49:54 INFO  TemporalClosedQueryUtilTest - (combineMultivarRanges(runId=1)) DONE: returning resultatCombine: schema = struct<id:int,value_r:double,valid_from:timestamp,valid_to:timestamp,_defined:boolean> , mrqc=LinearClosedIntervalQueryConfig(Map(valid_from -> valid_to),List(),ClosedInterval(1970-01-01 00:00:00.0,9999-12-31 00:00:00.0,DiscreteTimeAxis(Millis))) [ScalaTest-main-running-TemporalClosedQueryUtilTest]
- should combine ranges of dfRight without extending or filling gaps since extend is ignore if not(fillGapsWithNull)
rangeCleanupExtend and rangeCombine
2026-08-12 11:49:54 INFO  TemporalClosedQueryUtilTest - (combineMultivarRanges(runId=1)) DONE: returning resultatCombine: schema = struct<id:int,value_r:double,valid_from:timestamp,valid_to:timestamp,_defined:boolean> , mrqc=LinearClosedIntervalQueryConfig(Map(valid_from -> valid_to),List(),ClosedInterval(1970-01-01 00:00:00.0,9999-12-31 00:00:00.0,DiscreteTimeAxis(Millis))) [ScalaTest-main-running-TemporalClosedQueryUtilTest]
- should combine, extend ranges, fill gaps and remove overlaps of dfRight
rangeCleanupExtend and rangeCombine
2026-08-12 11:49:55 INFO  TemporalClosedQueryUtilTest - (combineMultivarRanges(runId=1)) DONE: returning resultatCombine: schema = struct<id:int,img:string,valid_from:timestamp,valid_to:timestamp,_defined:boolean> , mrqc=LinearClosedIntervalQueryConfig(Map(valid_from -> valid_to),List(),ClosedInterval(1970-01-01 00:00:00.0,9999-12-31 00:00:00.0,DiscreteTimeAxis(Millis))) [ScalaTest-main-running-TemporalClosedQueryUtilTest]
- should combine, extend ranges, fill gaps and remove overlaps of dfMap, and then convert dfMap to a 1-1-relation by selecting the smallest value of img
rangeCleanupExtend_dfMap_NoExtendFillgaps
2026-08-12 11:49:55 INFO  TemporalClosedQueryUtilTest - (combineMultivarRanges(runId=1)) DONE: returning resultatCombine: schema = struct<id:int,img:string,valid_from:timestamp,valid_to:timestamp,_defined:boolean> , mrqc=LinearClosedIntervalQueryConfig(Map(valid_from -> valid_to),List(),ClosedInterval(1970-01-01 00:00:00.0,9999-12-31 00:00:00.0,DiscreteTimeAxis(Millis))) [ScalaTest-main-running-TemporalClosedQueryUtilTest]
- should combine and remove overlaps of dfMap, and then convert dfMap to a 1-1-relation by selecting the smallest value of img
rangeCleanupExtend_dfMsOverlap
2026-08-12 11:49:55 INFO  TemporalClosedQueryUtilTest - (combineMultivarRanges(runId=1)) DONE: returning resultatCombine: schema = struct<id:int,img:string,valid_from:timestamp,valid_to:timestamp,_defined:boolean> , mrqc=LinearClosedIntervalQueryConfig(Map(valid_from -> valid_to),List(),ClosedInterval(1970-01-01 00:00:00.0,9999-12-31 00:00:00.0,DiscreteTimeAxis(Millis))) [ScalaTest-main-running-TemporalClosedQueryUtilTest]
- should return expected results
rangeCleanupExtend_dfDirtyTimeRanges
2026-08-12 11:49:56 INFO  TemporalClosedQueryUtilTest - (combineMultivarRanges(runId=1)) DONE: returning resultatCombine: schema = struct<id:int,value:double,valid_from:timestamp,valid_to:timestamp,_defined:boolean> , mrqc=LinearClosedIntervalQueryConfig(Map(valid_from -> valid_to),List(),ClosedInterval(1970-01-01 00:00:00.0,9999-12-31 00:00:00.0,DiscreteTimeAxis(Millis))) [ScalaTest-main-running-TemporalClosedQueryUtilTest]
- should return expected results
rangeCleanupExtend_dfDirtyTimeRanges_NoExtendFillgaps
2026-08-12 11:49:56 INFO  TemporalClosedQueryUtilTest - (combineMultivarRanges(runId=1)) DONE: returning resultatCombine: schema = struct<id:int,value:double,valid_from:timestamp,valid_to:timestamp,_defined:boolean> , mrqc=LinearClosedIntervalQueryConfig(Map(valid_from -> valid_to),List(),ClosedInterval(1970-01-01 00:00:00.0,9999-12-31 00:00:00.0,DiscreteTimeAxis(Millis))) [ScalaTest-main-running-TemporalClosedQueryUtilTest]
- should return expected results
rangeCleanupExtend_validityDuration
2026-08-12 11:49:56 INFO  TemporalClosedQueryUtilTest - (combineMultivarRanges(runId=1)) DONE: returning resultatCombine: schema = struct<id:int,val:string,valid_from:timestamp,valid_to:timestamp,_defined:boolean> , mrqc=LinearClosedIntervalQueryConfig(Map(valid_from -> valid_to),List(),ClosedInterval(1970-01-01 00:00:00.0,9999-12-31 00:00:00.0,DiscreteTimeAxis(Millis))) [ScalaTest-main-running-TemporalClosedQueryUtilTest]
- should return expected results
rangeCleanupExtend_rankExprFromColOnly
2026-08-12 11:49:57 INFO  TemporalClosedQueryUtilTest - (combineMultivarRanges(runId=1)) DONE: returning resultatCombine: schema = struct<id:int,val:string,valid_from:timestamp,valid_to:timestamp,_defined:boolean> , mrqc=LinearClosedIntervalQueryConfig(Map(valid_from -> valid_to),List(),ClosedInterval(1970-01-01 00:00:00.0,9999-12-31 00:00:00.0,DiscreteTimeAxis(Millis))) [ScalaTest-main-running-TemporalClosedQueryUtilTest]
- should return expected results
rangeCleanupExtend_rankExpr2Cols
2026-08-12 11:49:57 INFO  TemporalClosedQueryUtilTest - (combineMultivarRanges(runId=1)) DONE: returning resultatCombine: schema = struct<id:int,val:string,valid_from:timestamp,valid_to:timestamp,_defined:boolean> , mrqc=LinearClosedIntervalQueryConfig(Map(valid_from -> valid_to),List(),ClosedInterval(1970-01-01 00:00:00.0,9999-12-31 00:00:00.0,DiscreteTimeAxis(Millis))) [ScalaTest-main-running-TemporalClosedQueryUtilTest]
- should return expected results
rangeCombine_dfRight
2026-08-12 11:49:57 INFO  TemporalClosedQueryUtilTest - (combineMultivarRanges(runId=1)) DONE: returning resultatCombine: schema = struct<id:int,valid_from:timestamp,valid_to:timestamp,value_r:double> , mrqc=LinearClosedIntervalQueryConfig(Map(valid_from -> valid_to),List(),ClosedInterval(1970-01-01 00:00:00.0,9999-12-31 00:00:00.0,DiscreteTimeAxis(Millis))) [ScalaTest-main-running-TemporalClosedQueryUtilTest]
- should return expected results
rangeCombine dropped column
2026-08-12 11:49:57 INFO  TemporalClosedQueryUtilTest - (combineMultivarRanges(runId=1)) DONE: returning resultatCombine: schema = struct<id:int,valid_from:timestamp,valid_to:timestamp,value_r:double> , mrqc=LinearClosedIntervalQueryConfig(Map(valid_from -> valid_to),List(),ClosedInterval(1970-01-01 00:00:00.0,9999-12-31 00:00:00.0,DiscreteTimeAxis(Millis))) [ScalaTest-main-running-TemporalClosedQueryUtilTest]
- should combine the rows of dfRight with column add/drop
rangeCombine_dfMapToCombine
2026-08-12 11:49:58 INFO  TemporalClosedQueryUtilTest - (combineMultivarRanges(runId=1)) DONE: returning resultatCombine: schema = struct<id:int,valid_from:timestamp,valid_to:timestamp,img:string> , mrqc=LinearClosedIntervalQueryConfig(Map(valid_from -> valid_to),List(),ClosedInterval(1970-01-01 00:00:00.0,9999-12-31 00:00:00.0,DiscreteTimeAxis(Millis))) [ScalaTest-main-running-TemporalClosedQueryUtilTest]
- should return expected results
rangeDense2discrete
- should round to ms without adding gaps or overlaps
rangeExtendRange_dfLeft
- should return expected results
rangeExtendRange_dfRight_id
- should return expected results
rangeExtendRange
- should extend the ranges of dfRight
rangeFullJoin dfLeft with dfRight
2026-08-12 11:49:58 INFO  TemporalClosedQueryUtilTest - (joinRanges) dfJoined.schema = struct<id__1:int,value_l:double,valid_from:timestamp,valid_to:timestamp,_defined_l:boolean,id__2:int,value_r:double,valid_from2:timestamp,valid_to2:timestamp,_defined_r:boolean> ; selCols = coalesce(id__1, id__2) AS id,value_l,_defined_l,value_r,_defined_r,greatest(valid_from, valid_from2) AS valid_from,least(valid_to, valid_to2) AS valid_to [ScalaTest-main-running-TemporalClosedQueryUtilTest]
2026-08-12 11:49:58 INFO  TemporalClosedQueryUtilTest - (outerJoinRangesWithKey) dfJoinRaw.schema = struct<id:int,value_l:double,value_r:double,valid_from:timestamp,valid_to:timestamp> [ScalaTest-main-running-TemporalClosedQueryUtilTest]
2026-08-12 11:49:58 INFO  TemporalClosedQueryUtilTest - (combineMultivarRanges(runId=1)) DONE: returning resultatCombine: schema = struct<id:int,value_l:double,value_r:double,valid_from:timestamp,valid_to:timestamp> , mrqc=LinearClosedIntervalQueryConfig(Map(valid_from -> valid_to),List(),ClosedInterval(1970-01-01 00:00:00.0,9999-12-31 00:00:00.0,DiscreteTimeAxis(Millis))) [ScalaTest-main-running-TemporalClosedQueryUtilTest]
- should return expected results
rangeFullJoin dfLeft with dfMap
2026-08-12 11:49:59 INFO  TemporalClosedQueryUtilTest - (joinRanges) dfJoined.schema = struct<id__1:int,value_l:double,valid_from:timestamp,valid_to:timestamp,_defined_l:boolean,id__2:int,img:string,valid_from2:timestamp,valid_to2:timestamp,_defined_r:boolean> ; selCols = coalesce(id__1, id__2) AS id,value_l,_defined_l,img,_defined_r,greatest(valid_from, valid_from2) AS valid_from,least(valid_to, valid_to2) AS valid_to [ScalaTest-main-running-TemporalClosedQueryUtilTest]
2026-08-12 11:49:59 INFO  TemporalClosedQueryUtilTest - (outerJoinRangesWithKey) dfJoinRaw.schema = struct<id:int,value_l:double,img:string,valid_from:timestamp,valid_to:timestamp> [ScalaTest-main-running-TemporalClosedQueryUtilTest]
2026-08-12 11:49:59 INFO  TemporalClosedQueryUtilTest - (combineMultivarRanges(runId=1)) DONE: returning resultatCombine: schema = struct<id:int,value_l:double,img:string,valid_from:timestamp,valid_to:timestamp> , mrqc=LinearClosedIntervalQueryConfig(Map(valid_from -> valid_to),List(),ClosedInterval(1970-01-01 00:00:00.0,9999-12-31 00:00:00.0,DiscreteTimeAxis(Millis))) [ScalaTest-main-running-TemporalClosedQueryUtilTest]
- should return expected results
rangeFullJoin dfLeft with dfMap using rnkExpressions
2026-08-12 11:49:59 INFO  TemporalClosedQueryUtilTest - (joinRanges) dfJoined.schema = struct<id__1:int,value_l:double,valid_from:timestamp,valid_to:timestamp,_defined_l:boolean,id__2:int,img:string,valid_from2:timestamp,valid_to2:timestamp,_defined_r:boolean> ; selCols = coalesce(id__1, id__2) AS id,value_l,_defined_l,img,_defined_r,greatest(valid_from, valid_from2) AS valid_from,least(valid_to, valid_to2) AS valid_to [ScalaTest-main-running-TemporalClosedQueryUtilTest]
2026-08-12 11:49:59 INFO  TemporalClosedQueryUtilTest - (outerJoinRangesWithKey) dfJoinRaw.schema = struct<id:int,value_l:double,img:string,valid_from:timestamp,valid_to:timestamp> [ScalaTest-main-running-TemporalClosedQueryUtilTest]
2026-08-12 11:49:59 INFO  TemporalClosedQueryUtilTest - (combineMultivarRanges(runId=1)) DONE: returning resultatCombine: schema = struct<id:int,value_l:double,img:string,valid_from:timestamp,valid_to:timestamp> , mrqc=LinearClosedIntervalQueryConfig(Map(valid_from -> valid_to),List(),ClosedInterval(1970-01-01 00:00:00.0,9999-12-31 00:00:00.0,DiscreteTimeAxis(Millis))) [ScalaTest-main-running-TemporalClosedQueryUtilTest]
- should return expected results
rangeFullJoin_rightMapWithGapsAndRnkExpressions
2026-08-12 11:50:00 INFO  TemporalClosedQueryUtilTest - (joinRanges) dfJoined.schema = struct<id__1:int,value_l:double,valid_from:timestamp,valid_to:timestamp,_defined_l:boolean,id__2:int,img:string,valid_from2:timestamp,valid_to2:timestamp,_defined_r:boolean> ; selCols = coalesce(id__1, id__2) AS id,value_l,_defined_l,img,_defined_r,greatest(valid_from, valid_from2) AS valid_from,least(valid_to, valid_to2) AS valid_to [ScalaTest-main-running-TemporalClosedQueryUtilTest]
2026-08-12 11:50:00 INFO  TemporalClosedQueryUtilTest - (outerJoinRangesWithKey) dfJoinRaw.schema = struct<id:int,value_l:double,img:string,valid_from:timestamp,valid_to:timestamp> [ScalaTest-main-running-TemporalClosedQueryUtilTest]
2026-08-12 11:50:00 INFO  TemporalClosedQueryUtilTest - (combineMultivarRanges(runId=1)) DONE: returning resultatCombine: schema = struct<id:int,value_l:double,img:string,valid_from:timestamp,valid_to:timestamp> , mrqc=LinearClosedIntervalQueryConfig(Map(valid_from -> valid_to),List(),ClosedInterval(1970-01-01 00:00:00.0,9999-12-31 00:00:00.0,DiscreteTimeAxis(Millis))) [ScalaTest-main-running-TemporalClosedQueryUtilTest]
- should return expected results
rangeInnerJoin dfLeft with dfRight with 'on' semantics
2026-08-12 11:50:00 INFO  TemporalClosedQueryUtilTest - (joinRanges) dfJoined.schema = struct<id:int,valid_from:timestamp,valid_to:timestamp,value_l:double,id:int,valid_from2:timestamp,valid_to2:timestamp,value_r:double> ; selCols = id,value_l,id,value_r,greatest(valid_from, valid_from2) AS valid_from,least(valid_to, valid_to2) AS valid_to [ScalaTest-main-running-TemporalClosedQueryUtilTest]
- should return expected results
rangeInnerJoin dfLeft with dfRight with 'using' semantics
2026-08-12 11:50:00 INFO  TemporalClosedQueryUtilTest - (joinRanges) dfJoined.schema = struct<id__1:int,valid_from:timestamp,valid_to:timestamp,value_l:double,id__2:int,valid_from2:timestamp,valid_to2:timestamp,value_r:double> ; selCols = coalesce(id__1, id__2) AS id,value_l,value_r,greatest(valid_from, valid_from2) AS valid_from,least(valid_to, valid_to2) AS valid_to [ScalaTest-main-running-TemporalClosedQueryUtilTest]
- should return expected results
rangeInnerJoin dfLeft with dfRightDouble with 'on' semantics
2026-08-12 11:50:00 INFO  TemporalClosedQueryUtilTest - (joinRanges) dfJoined.schema = struct<id:int,valid_from:timestamp,valid_to:timestamp,value_l:double,id:double,valid_from2:timestamp,valid_to2:timestamp,value_r:double> ; selCols = id,value_l,id,value_r,greatest(valid_from, valid_from2) AS valid_from,least(valid_to, valid_to2) AS valid_to [ScalaTest-main-running-TemporalClosedQueryUtilTest]
- should return expected results
rangeInnerJoin dfLeft with dfRightDouble with 'using' semantics
2026-08-12 11:50:01 INFO  TemporalClosedQueryUtilTest - (joinRanges) dfJoined.schema = struct<id__1:int,valid_from:timestamp,valid_to:timestamp,value_l:double,id__2:double,valid_from2:timestamp,valid_to2:timestamp,value_r:double> ; selCols = coalesce(id__1, id__2) AS id,value_l,value_r,greatest(valid_from, valid_from2) AS valid_from,least(valid_to, valid_to2) AS valid_to [ScalaTest-main-running-TemporalClosedQueryUtilTest]
- should return expected results
rangeInnerJoin with equally named columns apart join columns
2026-08-12 11:50:01 INFO  TemporalClosedQueryUtilTest - (joinRanges) dfJoined.schema = struct<id__1:int,valid_from:timestamp,valid_to:timestamp,value:double,id__2:int,valid_from2:timestamp,valid_to2:timestamp,value:double> ; selCols = coalesce(id__1, id__2) AS id,value,value,greatest(valid_from, valid_from2) AS valid_from,least(valid_to, valid_to2) AS valid_to [ScalaTest-main-running-TemporalClosedQueryUtilTest]
- should return expected results
rangeLeftAntiJoin dfLeft with dfRight
2026-08-12 11:50:01 INFO  TemporalClosedQueryUtilTest - (combineMultivarRanges(runId=1)) DONE: returning resultatCombine: schema = struct<id:int,valid_from2:timestamp,valid_to2:timestamp> , mrqc=LinearClosedIntervalQueryConfig(Map(valid_from2 -> valid_to2),List(),ClosedInterval(1970-01-01 00:00:00.0,9999-12-31 00:00:00.0,DiscreteTimeAxis(Millis))) [ScalaTest-main-running-TemporalClosedQueryUtilTest]
2026-08-12 11:50:01 INFO  TemporalClosedQueryUtilTest - (leftAntiJoinRanges) dfComplementRaw.schema = struct<id:int,valid_from:timestamp,valid_to:timestamp,value_l:double> [ScalaTest-main-running-TemporalClosedQueryUtilTest]
2026-08-12 11:50:01 INFO  TemporalClosedQueryUtilTest - (combineMultivarRanges(runId=1)) DONE: returning resultatCombine: schema = struct<id:int,value_l:double,valid_from:timestamp,valid_to:timestamp> , mrqc=LinearClosedIntervalQueryConfig(Map(valid_from -> valid_to),List(),ClosedInterval(1970-01-01 00:00:00.0,9999-12-31 00:00:00.0,DiscreteTimeAxis(Millis))) [ScalaTest-main-running-TemporalClosedQueryUtilTest]
- should return expected results
rangeLeftAntiJoin dfLeft with dfMap
2026-08-12 11:50:01 INFO  TemporalClosedQueryUtilTest - (combineMultivarRanges(runId=1)) DONE: returning resultatCombine: schema = struct<id:int,valid_from2:timestamp,valid_to2:timestamp> , mrqc=LinearClosedIntervalQueryConfig(Map(valid_from2 -> valid_to2),List(),ClosedInterval(1970-01-01 00:00:00.0,9999-12-31 00:00:00.0,DiscreteTimeAxis(Millis))) [ScalaTest-main-running-TemporalClosedQueryUtilTest]
2026-08-12 11:50:02 INFO  TemporalClosedQueryUtilTest - (leftAntiJoinRanges) dfComplementRaw.schema = struct<id:int,valid_from:timestamp,valid_to:timestamp,value_l:double> [ScalaTest-main-running-TemporalClosedQueryUtilTest]
2026-08-12 11:50:02 INFO  TemporalClosedQueryUtilTest - (combineMultivarRanges(runId=1)) DONE: returning resultatCombine: schema = struct<id:int,value_l:double,valid_from:timestamp,valid_to:timestamp> , mrqc=LinearClosedIntervalQueryConfig(Map(valid_from -> valid_to),List(),ClosedInterval(1970-01-01 00:00:00.0,9999-12-31 00:00:00.0,DiscreteTimeAxis(Millis))) [ScalaTest-main-running-TemporalClosedQueryUtilTest]
- should return expected results
rangeLeftAntiJoin dfRight with dfMap
2026-08-12 11:50:02 INFO  TemporalClosedQueryUtilTest - (combineMultivarRanges(runId=1)) DONE: returning resultatCombine: schema = struct<id:int,valid_from2:timestamp,valid_to2:timestamp> , mrqc=LinearClosedIntervalQueryConfig(Map(valid_from2 -> valid_to2),List(),ClosedInterval(1970-01-01 00:00:00.0,9999-12-31 00:00:00.0,DiscreteTimeAxis(Millis))) [ScalaTest-main-running-TemporalClosedQueryUtilTest]
2026-08-12 11:50:02 INFO  TemporalClosedQueryUtilTest - (leftAntiJoinRanges) dfComplementRaw.schema = struct<id:int,valid_from:timestamp,valid_to:timestamp,value_r:double> [ScalaTest-main-running-TemporalClosedQueryUtilTest]
2026-08-12 11:50:02 INFO  TemporalClosedQueryUtilTest - (combineMultivarRanges(runId=1)) DONE: returning resultatCombine: schema = struct<id:int,value_r:double,valid_from:timestamp,valid_to:timestamp> , mrqc=LinearClosedIntervalQueryConfig(Map(valid_from -> valid_to),List(),ClosedInterval(1970-01-01 00:00:00.0,9999-12-31 00:00:00.0,DiscreteTimeAxis(Millis))) [ScalaTest-main-running-TemporalClosedQueryUtilTest]
- should return expected results
rangeLeftAntiJoin dfMap with dfRight
2026-08-12 11:50:02 INFO  TemporalClosedQueryUtilTest - (combineMultivarRanges(runId=1)) DONE: returning resultatCombine: schema = struct<id:int,valid_from2:timestamp,valid_to2:timestamp> , mrqc=LinearClosedIntervalQueryConfig(Map(valid_from2 -> valid_to2),List(),ClosedInterval(1970-01-01 00:00:00.0,9999-12-31 00:00:00.0,DiscreteTimeAxis(Millis))) [ScalaTest-main-running-TemporalClosedQueryUtilTest]
2026-08-12 11:50:02 INFO  TemporalClosedQueryUtilTest - (leftAntiJoinRanges) dfComplementRaw.schema = struct<id:int,valid_from:timestamp,valid_to:timestamp,img:string> [ScalaTest-main-running-TemporalClosedQueryUtilTest]
2026-08-12 11:50:03 INFO  TemporalClosedQueryUtilTest - (combineMultivarRanges(runId=1)) DONE: returning resultatCombine: schema = struct<id:int,img:string,valid_from:timestamp,valid_to:timestamp> , mrqc=LinearClosedIntervalQueryConfig(Map(valid_from -> valid_to),List(),ClosedInterval(1970-01-01 00:00:00.0,9999-12-31 00:00:00.0,DiscreteTimeAxis(Millis))) [ScalaTest-main-running-TemporalClosedQueryUtilTest]
- should return expected results
rangeLeftAntiJoin_segmented
2026-08-12 11:50:03 WARN  TemporalClosedQueryUtilTest - (leftAntiJoinRanges) no keys specified! additionalJoinFilterCondition = true ; mrqc = LinearClosedIntervalQueryConfig(Map(valid_from -> valid_to),List(),ClosedInterval(1970-01-01 00:00:00.0,9999-12-31 00:00:00.0,DiscreteTimeAxis(Millis))) [ScalaTest-main-running-TemporalClosedQueryUtilTest]
2026-08-12 11:50:03 INFO  TemporalClosedQueryUtilTest - (combineMultivarRanges(runId=1)) DONE: returning resultatCombine: schema = struct<valid_from2:timestamp,valid_to2:timestamp> , mrqc=LinearClosedIntervalQueryConfig(Map(valid_from2 -> valid_to2),List(),ClosedInterval(1970-01-01 00:00:00.0,9999-12-31 00:00:00.0,DiscreteTimeAxis(Millis))) [ScalaTest-main-running-TemporalClosedQueryUtilTest]
2026-08-12 11:50:03 INFO  TemporalClosedQueryUtilTest - (leftAntiJoinRanges) dfComplementRaw.schema = struct<id:int,valid_from:timestamp,valid_to:timestamp> [ScalaTest-main-running-TemporalClosedQueryUtilTest]
2026-08-12 11:50:03 INFO  TemporalClosedQueryUtilTest - (combineMultivarRanges(runId=1)) DONE: returning resultatCombine: schema = struct<id:int,valid_from:timestamp,valid_to:timestamp> , mrqc=LinearClosedIntervalQueryConfig(Map(valid_from -> valid_to),List(),ClosedInterval(1970-01-01 00:00:00.0,9999-12-31 00:00:00.0,DiscreteTimeAxis(Millis))) [ScalaTest-main-running-TemporalClosedQueryUtilTest]
- should return expected results
rangeLeftJoin dfLeft with dfRight
2026-08-12 11:50:03 INFO  TemporalClosedQueryUtilTest - (joinRanges) dfJoined.schema = struct<id__1:int,valid_from:timestamp,valid_to:timestamp,value_l:double,id__2:int,value_r:double,valid_from2:timestamp,valid_to2:timestamp> ; selCols = coalesce(id__1, id__2) AS id,value_l,value_r,greatest(valid_from, valid_from2) AS valid_from,least(valid_to, valid_to2) AS valid_to [ScalaTest-main-running-TemporalClosedQueryUtilTest]
2026-08-12 11:50:03 INFO  TemporalClosedQueryUtilTest - (outerJoinRangesWithKey) dfJoinRaw.schema = struct<id:int,value_l:double,value_r:double,valid_from:timestamp,valid_to:timestamp> [ScalaTest-main-running-TemporalClosedQueryUtilTest]
2026-08-12 11:50:03 INFO  TemporalClosedQueryUtilTest - (combineMultivarRanges(runId=1)) DONE: returning resultatCombine: schema = struct<id:int,value_l:double,value_r:double,valid_from:timestamp,valid_to:timestamp> , mrqc=LinearClosedIntervalQueryConfig(Map(valid_from -> valid_to),List(),ClosedInterval(1970-01-01 00:00:00.0,9999-12-31 00:00:00.0,DiscreteTimeAxis(Millis))) [ScalaTest-main-running-TemporalClosedQueryUtilTest]
2026-08-12 11:50:03 INFO  TemporalClosedQueryUtilTest - (combineMultivarRanges(runId=1)) DONE: returning resultatCombine: schema = struct<id:int,value_l:double,value_r:double,valid_from:timestamp,valid_to:timestamp> , mrqc=LinearClosedIntervalQueryConfig(Map(valid_from -> valid_to),List(),ClosedInterval(1970-01-01 00:00:00.0,9999-12-31 00:00:00.0,DiscreteTimeAxis(Millis))) [ScalaTest-main-running-TemporalClosedQueryUtilTest]
- should return expected results
rangeLeftJoin dfLeft with dfEmpty
2026-08-12 11:50:04 INFO  TemporalClosedQueryUtilTest - (joinRanges) dfJoined.schema = struct<id__1:int,valid_from:timestamp,valid_to:timestamp,value_l:double,id__2:int,value_r:double,valid_from2:timestamp,valid_to2:timestamp> ; selCols = coalesce(id__1, id__2) AS id,value_l,value_r,greatest(valid_from, valid_from2) AS valid_from,least(valid_to, valid_to2) AS valid_to [ScalaTest-main-running-TemporalClosedQueryUtilTest]
2026-08-12 11:50:04 INFO  TemporalClosedQueryUtilTest - (outerJoinRangesWithKey) dfJoinRaw.schema = struct<id:int,value_l:double,value_r:double,valid_from:timestamp,valid_to:timestamp> [ScalaTest-main-running-TemporalClosedQueryUtilTest]
2026-08-12 11:50:04 INFO  TemporalClosedQueryUtilTest - (combineMultivarRanges(runId=1)) DONE: returning resultatCombine: schema = struct<id:int,value_l:double,value_r:double,valid_from:timestamp,valid_to:timestamp> , mrqc=LinearClosedIntervalQueryConfig(Map(valid_from -> valid_to),List(),ClosedInterval(1970-01-01 00:00:00.0,9999-12-31 00:00:00.0,DiscreteTimeAxis(Millis))) [ScalaTest-main-running-TemporalClosedQueryUtilTest]
- should add an empty column value_r to dfLeft
rangeLeftJoin dfLeft with dfMap
2026-08-12 11:50:04 INFO  TemporalClosedQueryUtilTest - (joinRanges) dfJoined.schema = struct<id__1:int,valid_from:timestamp,valid_to:timestamp,value_l:double,id__2:int,img:string,valid_from2:timestamp,valid_to2:timestamp> ; selCols = coalesce(id__1, id__2) AS id,value_l,img,greatest(valid_from, valid_from2) AS valid_from,least(valid_to, valid_to2) AS valid_to [ScalaTest-main-running-TemporalClosedQueryUtilTest]
2026-08-12 11:50:04 INFO  TemporalClosedQueryUtilTest - (outerJoinRangesWithKey) dfJoinRaw.schema = struct<id:int,value_l:double,img:string,valid_from:timestamp,valid_to:timestamp> [ScalaTest-main-running-TemporalClosedQueryUtilTest]
2026-08-12 11:50:04 INFO  TemporalClosedQueryUtilTest - (combineMultivarRanges(runId=1)) DONE: returning resultatCombine: schema = struct<id:int,value_l:double,img:string,valid_from:timestamp,valid_to:timestamp> , mrqc=LinearClosedIntervalQueryConfig(Map(valid_from -> valid_to),List(),ClosedInterval(1970-01-01 00:00:00.0,9999-12-31 00:00:00.0,DiscreteTimeAxis(Millis))) [ScalaTest-main-running-TemporalClosedQueryUtilTest]
- should return expected results
rangeLeftJoin dfLeft with dfMap using rnkExpressions
2026-08-12 11:50:05 INFO  TemporalClosedQueryUtilTest - (joinRanges) dfJoined.schema = struct<id__1:int,valid_from:timestamp,valid_to:timestamp,value_l:double,id__2:int,img:string,valid_from2:timestamp,valid_to2:timestamp> ; selCols = coalesce(id__1, id__2) AS id,value_l,img,greatest(valid_from, valid_from2) AS valid_from,least(valid_to, valid_to2) AS valid_to [ScalaTest-main-running-TemporalClosedQueryUtilTest]
2026-08-12 11:50:05 INFO  TemporalClosedQueryUtilTest - (outerJoinRangesWithKey) dfJoinRaw.schema = struct<id:int,value_l:double,img:string,valid_from:timestamp,valid_to:timestamp> [ScalaTest-main-running-TemporalClosedQueryUtilTest]
2026-08-12 11:50:05 INFO  TemporalClosedQueryUtilTest - (combineMultivarRanges(runId=1)) DONE: returning resultatCombine: schema = struct<id:int,value_l:double,img:string,valid_from:timestamp,valid_to:timestamp> , mrqc=LinearClosedIntervalQueryConfig(Map(valid_from -> valid_to),List(),ClosedInterval(1970-01-01 00:00:00.0,9999-12-31 00:00:00.0,DiscreteTimeAxis(Millis))) [ScalaTest-main-running-TemporalClosedQueryUtilTest]
2026-08-12 11:50:05 INFO  TemporalClosedQueryUtilTest - (combineMultivarRanges(runId=1)) DONE: returning resultatCombine: schema = struct<id:int,value_l:double,img:string,valid_from:timestamp,valid_to:timestamp> , mrqc=LinearClosedIntervalQueryConfig(Map(valid_from -> valid_to),List(),ClosedInterval(1970-01-01 00:00:00.0,9999-12-31 00:00:00.0,DiscreteTimeAxis(Millis))) [ScalaTest-main-running-TemporalClosedQueryUtilTest]
- should return expected results
rangeLeftJoin_rightMapWithGapsAndRnkExpressions
2026-08-12 11:50:05 INFO  TemporalClosedQueryUtilTest - (joinRanges) dfJoined.schema = struct<id__1:int,valid_from:timestamp,valid_to:timestamp,value_l:double,id__2:int,img:string,valid_from2:timestamp,valid_to2:timestamp> ; selCols = coalesce(id__1, id__2) AS id,value_l,img,greatest(valid_from, valid_from2) AS valid_from,least(valid_to, valid_to2) AS valid_to [ScalaTest-main-running-TemporalClosedQueryUtilTest]
2026-08-12 11:50:05 INFO  TemporalClosedQueryUtilTest - (outerJoinRangesWithKey) dfJoinRaw.schema = struct<id:int,value_l:double,img:string,valid_from:timestamp,valid_to:timestamp> [ScalaTest-main-running-TemporalClosedQueryUtilTest]
2026-08-12 11:50:05 INFO  TemporalClosedQueryUtilTest - (combineMultivarRanges(runId=1)) DONE: returning resultatCombine: schema = struct<id:int,value_l:double,img:string,valid_from:timestamp,valid_to:timestamp> , mrqc=LinearClosedIntervalQueryConfig(Map(valid_from -> valid_to),List(),ClosedInterval(1970-01-01 00:00:00.0,9999-12-31 00:00:00.0,DiscreteTimeAxis(Millis))) [ScalaTest-main-running-TemporalClosedQueryUtilTest]
2026-08-12 11:50:05 INFO  TemporalClosedQueryUtilTest - (combineMultivarRanges(runId=1)) DONE: returning resultatCombine: schema = struct<id:int,value_l:double,img:string,valid_from:timestamp,valid_to:timestamp> , mrqc=LinearClosedIntervalQueryConfig(Map(valid_from -> valid_to),List(),ClosedInterval(1970-01-01 00:00:00.0,9999-12-31 00:00:00.0,DiscreteTimeAxis(Millis))) [ScalaTest-main-running-TemporalClosedQueryUtilTest]
- should return expected results
rangeLeftJoin with equally named columns apart join columns
2026-08-12 11:50:05 INFO  TemporalClosedQueryUtilTest - (joinRanges) dfJoined.schema = struct<id__1:int,valid_from:timestamp,valid_to:timestamp,value:double,id__2:int,value:double,valid_from2:timestamp,valid_to2:timestamp> ; selCols = coalesce(id__1, id__2) AS id,value,value,greatest(valid_from, valid_from2) AS valid_from,least(valid_to, valid_to2) AS valid_to [ScalaTest-main-running-TemporalClosedQueryUtilTest]
2026-08-12 11:50:05 INFO  TemporalClosedQueryUtilTest - (outerJoinRangesWithKey) dfJoinRaw.schema = struct<id:int,value:double,value:double,valid_from:timestamp,valid_to:timestamp> [ScalaTest-main-running-TemporalClosedQueryUtilTest]
2026-08-12 11:50:05 ERROR TemporalClosedQueryUtilTest - (combineDimensionRanges) Could not combine ranges! [ScalaTest-main-running-TemporalClosedQueryUtilTest]
2026-08-12 11:50:05 ERROR TemporalClosedQueryUtilTest - (combineDimensionRanges) df.schema                   = struct<id:int,value:double,value:double,valid_from:timestamp,valid_to:timestamp> [ScalaTest-main-running-TemporalClosedQueryUtilTest]
2026-08-12 11:50:05 ERROR TemporalClosedQueryUtilTest - (combineDimensionRanges) dim                         = IntervalQueryDimension(valid_from,valid_to,valid_from2,valid_to2,1970-01-01 00:00:00.0,9999-12-31 00:00:00.0,ClosedInterval(1970-01-01 00:00:00.0,9999-12-31 00:00:00.0,DiscreteTimeAxis(Millis))) [ScalaTest-main-running-TemporalClosedQueryUtilTest]
2026-08-12 11:50:05 ERROR TemporalClosedQueryUtilTest - (combineDimensionRanges) additionalTechnicalColNames = List() [ScalaTest-main-running-TemporalClosedQueryUtilTest]
2026-08-12 11:50:05 ERROR TemporalClosedQueryUtilTest - (combineDimensionRanges) ignoreColNames              = List() [ScalaTest-main-running-TemporalClosedQueryUtilTest]
2026-08-12 11:50:05 WARN  TemporalClosedQueryUtilTest - (outerJoinRangesWithKey) Could not combine ranges of dfJoinRaw! Returning dfJoinRaw with uncombined ranges  [ScalaTest-main-running-TemporalClosedQueryUtilTest]
- should return expected results
rangeRightJoin dfLeft with dfRight
2026-08-12 11:50:06 INFO  TemporalClosedQueryUtilTest - (joinRanges) dfJoined.schema = struct<id__1:int,value_l:double,valid_from:timestamp,valid_to:timestamp,id__2:int,valid_from2:timestamp,valid_to2:timestamp,value_r:double> ; selCols = coalesce(id__1, id__2) AS id,value_l,value_r,greatest(valid_from, valid_from2) AS valid_from,least(valid_to, valid_to2) AS valid_to [ScalaTest-main-running-TemporalClosedQueryUtilTest]
2026-08-12 11:50:06 INFO  TemporalClosedQueryUtilTest - (outerJoinRangesWithKey) dfJoinRaw.schema = struct<id:int,value_l:double,value_r:double,valid_from:timestamp,valid_to:timestamp> [ScalaTest-main-running-TemporalClosedQueryUtilTest]
2026-08-12 11:50:06 INFO  TemporalClosedQueryUtilTest - (combineMultivarRanges(runId=1)) DONE: returning resultatCombine: schema = struct<id:int,value_l:double,value_r:double,valid_from:timestamp,valid_to:timestamp> , mrqc=LinearClosedIntervalQueryConfig(Map(valid_from -> valid_to),List(),ClosedInterval(1970-01-01 00:00:00.0,9999-12-31 00:00:00.0,DiscreteTimeAxis(Millis))) [ScalaTest-main-running-TemporalClosedQueryUtilTest]
2026-08-12 11:50:06 INFO  TemporalClosedQueryUtilTest - (combineMultivarRanges(runId=1)) DONE: returning resultatCombine: schema = struct<id:int,value_l:double,value_r:double,valid_from:timestamp,valid_to:timestamp> , mrqc=LinearClosedIntervalQueryConfig(Map(valid_from -> valid_to),List(),ClosedInterval(1970-01-01 00:00:00.0,9999-12-31 00:00:00.0,DiscreteTimeAxis(Millis))) [ScalaTest-main-running-TemporalClosedQueryUtilTest]
- should return expected results
rangeRightJoin dfLeft with dfMap
2026-08-12 11:50:06 INFO  TemporalClosedQueryUtilTest - (joinRanges) dfJoined.schema = struct<id__1:int,value_l:double,valid_from:timestamp,valid_to:timestamp,id__2:int,valid_from2:timestamp,valid_to2:timestamp,img:string> ; selCols = coalesce(id__1, id__2) AS id,value_l,img,greatest(valid_from, valid_from2) AS valid_from,least(valid_to, valid_to2) AS valid_to [ScalaTest-main-running-TemporalClosedQueryUtilTest]
2026-08-12 11:50:06 INFO  TemporalClosedQueryUtilTest - (outerJoinRangesWithKey) dfJoinRaw.schema = struct<id:int,value_l:double,img:string,valid_from:timestamp,valid_to:timestamp> [ScalaTest-main-running-TemporalClosedQueryUtilTest]
2026-08-12 11:50:06 INFO  TemporalClosedQueryUtilTest - (combineMultivarRanges(runId=1)) DONE: returning resultatCombine: schema = struct<id:int,value_l:double,img:string,valid_from:timestamp,valid_to:timestamp> , mrqc=LinearClosedIntervalQueryConfig(Map(valid_from -> valid_to),List(),ClosedInterval(1970-01-01 00:00:00.0,9999-12-31 00:00:00.0,DiscreteTimeAxis(Millis))) [ScalaTest-main-running-TemporalClosedQueryUtilTest]
2026-08-12 11:50:06 INFO  TemporalClosedQueryUtilTest - (combineMultivarRanges(runId=1)) DONE: returning resultatCombine: schema = struct<id:int,value_l:double,img:string,valid_from:timestamp,valid_to:timestamp> , mrqc=LinearClosedIntervalQueryConfig(Map(valid_from -> valid_to),List(),ClosedInterval(1970-01-01 00:00:00.0,9999-12-31 00:00:00.0,DiscreteTimeAxis(Millis))) [ScalaTest-main-running-TemporalClosedQueryUtilTest]
- should return expected results
rangeRightJoin dfLeft with dfMap using rnkExpressions
2026-08-12 11:50:07 INFO  TemporalClosedQueryUtilTest - (joinRanges) dfJoined.schema = struct<id__1:int,value_l:double,valid_from:timestamp,valid_to:timestamp,id__2:int,valid_from2:timestamp,valid_to2:timestamp,img:string> ; selCols = coalesce(id__1, id__2) AS id,value_l,img,greatest(valid_from, valid_from2) AS valid_from,least(valid_to, valid_to2) AS valid_to [ScalaTest-main-running-TemporalClosedQueryUtilTest]
2026-08-12 11:50:07 INFO  TemporalClosedQueryUtilTest - (outerJoinRangesWithKey) dfJoinRaw.schema = struct<id:int,value_l:double,img:string,valid_from:timestamp,valid_to:timestamp> [ScalaTest-main-running-TemporalClosedQueryUtilTest]
2026-08-12 11:50:07 INFO  TemporalClosedQueryUtilTest - (combineMultivarRanges(runId=1)) DONE: returning resultatCombine: schema = struct<id:int,value_l:double,img:string,valid_from:timestamp,valid_to:timestamp> , mrqc=LinearClosedIntervalQueryConfig(Map(valid_from -> valid_to),List(),ClosedInterval(1970-01-01 00:00:00.0,9999-12-31 00:00:00.0,DiscreteTimeAxis(Millis))) [ScalaTest-main-running-TemporalClosedQueryUtilTest]
2026-08-12 11:50:07 INFO  TemporalClosedQueryUtilTest - (combineMultivarRanges(runId=1)) DONE: returning resultatCombine: schema = struct<id:int,value_l:double,img:string,valid_from:timestamp,valid_to:timestamp> , mrqc=LinearClosedIntervalQueryConfig(Map(valid_from -> valid_to),List(),ClosedInterval(1970-01-01 00:00:00.0,9999-12-31 00:00:00.0,DiscreteTimeAxis(Millis))) [ScalaTest-main-running-TemporalClosedQueryUtilTest]
- should return expected results
rangeRightJoin_rightMapWithGapsAndRnkExpressions
2026-08-12 11:50:07 INFO  TemporalClosedQueryUtilTest - (joinRanges) dfJoined.schema = struct<id__1:int,value_l:double,valid_from:timestamp,valid_to:timestamp,id__2:int,valid_from2:timestamp,valid_to2:timestamp,img:string> ; selCols = coalesce(id__1, id__2) AS id,value_l,img,greatest(valid_from, valid_from2) AS valid_from,least(valid_to, valid_to2) AS valid_to [ScalaTest-main-running-TemporalClosedQueryUtilTest]
2026-08-12 11:50:07 INFO  TemporalClosedQueryUtilTest - (outerJoinRangesWithKey) dfJoinRaw.schema = struct<id:int,value_l:double,img:string,valid_from:timestamp,valid_to:timestamp> [ScalaTest-main-running-TemporalClosedQueryUtilTest]
2026-08-12 11:50:07 INFO  TemporalClosedQueryUtilTest - (combineMultivarRanges(runId=1)) DONE: returning resultatCombine: schema = struct<id:int,value_l:double,img:string,valid_from:timestamp,valid_to:timestamp> , mrqc=LinearClosedIntervalQueryConfig(Map(valid_from -> valid_to),List(),ClosedInterval(1970-01-01 00:00:00.0,9999-12-31 00:00:00.0,DiscreteTimeAxis(Millis))) [ScalaTest-main-running-TemporalClosedQueryUtilTest]
2026-08-12 11:50:07 INFO  TemporalClosedQueryUtilTest - (combineMultivarRanges(runId=1)) DONE: returning resultatCombine: schema = struct<id:int,value_l:double,img:string,valid_from:timestamp,valid_to:timestamp> , mrqc=LinearClosedIntervalQueryConfig(Map(valid_from -> valid_to),List(),ClosedInterval(1970-01-01 00:00:00.0,9999-12-31 00:00:00.0,DiscreteTimeAxis(Millis))) [ScalaTest-main-running-TemporalClosedQueryUtilTest]
- should return expected results
rangeRoundDiscreteTime
- should not modify dfLeft
rangeRoundDiscreteTime
- should round timestamps of dfDirtyTimeRanges
rangeRoundDiscreteTime and rangeCombine
2026-08-12 11:50:08 INFO  TemporalClosedQueryUtilTest - (combineMultivarRanges(runId=1)) DONE: returning resultatCombine: schema = struct<id:int,valid_from:timestamp,valid_to:timestamp,value:double> , mrqc=LinearClosedIntervalQueryConfig(Map(valid_from -> valid_to),List(),ClosedInterval(1970-01-01 00:00:00.0,9999-12-31 00:00:00.0,DiscreteTimeAxis(Millis))) [ScalaTest-main-running-TemporalClosedQueryUtilTest]
- should combine dfDirtyTimeRanges
rangeRoundDiscreteTime and rangeCombine
2026-08-12 11:50:08 INFO  TemporalClosedQueryUtilTest - (combineMultivarRanges(runId=1)) DONE: returning resultatCombine: schema = struct<id:int,valid_from:timestamp,valid_to:timestamp,value:double> , mrqc=LinearClosedIntervalQueryConfig(Map(valid_from -> valid_to),List(),ClosedInterval(1970-01-01 00:00:00.0,9999-12-31 00:00:00.0,DiscreteTimeAxis(Millis))) [ScalaTest-main-running-TemporalClosedQueryUtilTest]
- should combine dfDocumentation
rangeUnifyRanges
2026-08-12 11:50:08 INFO  TemporalClosedQueryUtilTest - expected: [ScalaTest-main-running-TemporalClosedQueryUtilTest]
+---+-----------------------+-----------------------+---+
|id |valid_from             |valid_to               |img|
+---+-----------------------+-----------------------+---+
|0  |2019-11-25 11:12:13.005|2019-11-25 11:12:13.005|A  |
+---+-----------------------+-----------------------+---+

- should not modify dfMoment as extend and fillGapsWithNull are false
rangeUnifyRanges
- should extend dfMoment
rangeUnifyRanges dfMsOverlap
- should return expected results
rangeUnifyRanges
- should split properly the ranges of dfMap
rangeUnifyRanges dfMicrosecTimeRanges
2026-08-12 11:50:09 INFO  TemporalClosedQueryUtilTest - 
*** Educational test case to highlight the behaviour of rangeUnifyRanges when the time has a granularity of smaller than 1ms. *** [ScalaTest-main-running-TemporalClosedQueryUtilTest]
2026-08-12 11:50:09 INFO  TemporalClosedQueryUtilTest - 
*** Argument =  [ScalaTest-main-running-TemporalClosedQueryUtilTest]
+---+--------------------------+--------------------------+-----+
|id |valid_from                |valid_to                  |value|
+---+--------------------------+--------------------------+-----+
|0  |2018-06-01 00:00:00       |2018-06-01 09:00:00.000123|3.14 |
|0  |2018-06-01 09:00:00.000124|2018-06-01 09:00:00.000129|42.0 |
|0  |2018-06-01 09:00:00.00013 |2018-06-01 17:00:00.123456|2.72 |
+---+--------------------------+--------------------------+-----+

2026-08-12 11:50:09 INFO  TemporalClosedQueryUtilTest - 
*** Argument.rangeUnifyRanges(Seq("id")) =  [ScalaTest-main-running-TemporalClosedQueryUtilTest]
+---+-----+--------------------------+-----------------------+
|id |value|valid_from                |valid_to               |
+---+-----+--------------------------+-----------------------+
|0  |3.14 |2018-06-01 00:00:00       |2018-06-01 09:00:00    |
|0  |42.0 |2018-06-01 09:00:00.000124|2018-06-01 09:00:00    |
|0  |2.72 |2018-06-01 09:00:00.00013 |2018-06-01 09:00:00    |
|0  |2.72 |2018-06-01 09:00:00.001   |2018-06-01 17:00:00.123|
+---+-----+--------------------------+-----------------------+

- should show what happens when time is more precise than the granularity of 1ms
test durationInMillis: Calendar.getInstance().get(Calendar.DST_OFFSET) = 3600000
PackageTest:
durationInMillis
- should return expected results
BiTemporalClosedQueryUtilTest:
rangeCleanupExtend and rangeCombine
2026-08-12 11:50:09 INFO  BiTemporalClosedQueryUtilTest - (combineMultivarRanges(runId=1)) DONE: returning resultatCombine: schema = struct<id:int,value_l:double,known_from:timestamp,known_to:timestamp,valid_from:timestamp,valid_to:timestamp,_defined:boolean> , mrqc=BiLinearClosedIntervalQueryConfig(Map(known_from -> (known_to,ClosedInterval(1970-01-01 00:00:00.0,9999-12-31 00:00:00.0,DiscreteTimeAxis(Millis))), valid_from -> (valid_to,ClosedInterval(1970-01-01 00:00:00.0,9999-12-31 00:00:00.0,DiscreteTimeAxis(Millis)))),List()) [ScalaTest-main-running-BiTemporalClosedQueryUtilTest]
- should extend and combine dfLeft
rangeCleanupExtend and rangeCombine
2026-08-12 11:50:11 INFO  BiTemporalClosedQueryUtilTest - (combineMultivarRanges(runId=2)) DONE: returning resultatCombine: schema = struct<id:int,value_r:double,known_from:timestamp,known_to:timestamp,valid_from:timestamp,valid_to:timestamp,_defined:boolean> , mrqc=BiLinearClosedIntervalQueryConfig(Map(known_from -> (known_to,ClosedInterval(1970-01-01 00:00:00.0,9999-12-31 00:00:00.0,DiscreteTimeAxis(Millis))), valid_from -> (valid_to,ClosedInterval(1970-01-01 00:00:00.0,9999-12-31 00:00:00.0,DiscreteTimeAxis(Millis)))),List()) [ScalaTest-main-running-BiTemporalClosedQueryUtilTest]
- should combine ranges while removing overlaps of dfRight without extending or filling gaps
rangeCleanupExtend and rangeCombine
2026-08-12 11:50:13 INFO  BiTemporalClosedQueryUtilTest - (combineMultivarRanges(runId=2)) DONE: returning resultatCombine: schema = struct<id:int,value_r:double,known_from:timestamp,known_to:timestamp,valid_from:timestamp,valid_to:timestamp,_defined:boolean> , mrqc=BiLinearClosedIntervalQueryConfig(Map(known_from -> (known_to,ClosedInterval(1970-01-01 00:00:00.0,9999-12-31 00:00:00.0,DiscreteTimeAxis(Millis))), valid_from -> (valid_to,ClosedInterval(1970-01-01 00:00:00.0,9999-12-31 00:00:00.0,DiscreteTimeAxis(Millis)))),List()) [ScalaTest-main-running-BiTemporalClosedQueryUtilTest]
- should combine ranges while removing overlaps and filling gaps of dfRight without extending
rangeCleanupExtend and rangeCombine
2026-08-12 11:50:14 WARN  BiTemporalClosedQueryUtilTest - (cleanupExtendRanges) extend=true has no effect if fillGapsWithNull=false! [ScalaTest-main-running-BiTemporalClosedQueryUtilTest]
2026-08-12 11:50:16 INFO  BiTemporalClosedQueryUtilTest - (combineMultivarRanges(runId=2)) DONE: returning resultatCombine: schema = struct<id:int,value_r:double,known_from:timestamp,known_to:timestamp,valid_from:timestamp,valid_to:timestamp,_defined:boolean> , mrqc=BiLinearClosedIntervalQueryConfig(Map(known_from -> (known_to,ClosedInterval(1970-01-01 00:00:00.0,9999-12-31 00:00:00.0,DiscreteTimeAxis(Millis))), valid_from -> (valid_to,ClosedInterval(1970-01-01 00:00:00.0,9999-12-31 00:00:00.0,DiscreteTimeAxis(Millis)))),List()) [ScalaTest-main-running-BiTemporalClosedQueryUtilTest]
- should combine ranges while removing overlaps of dfRight without extending or filling gaps since extend is ignore if not(fillGapsWithNull)
rangeCleanupExtend and rangeCombine
2026-08-12 11:50:19 INFO  BiTemporalClosedQueryUtilTest - (combineMultivarRanges(runId=2)) DONE: returning resultatCombine: schema = struct<id:int,value_r:double,known_from:timestamp,known_to:timestamp,valid_from:timestamp,valid_to:timestamp,_defined:boolean> , mrqc=BiLinearClosedIntervalQueryConfig(Map(known_from -> (known_to,ClosedInterval(1970-01-01 00:00:00.0,9999-12-31 00:00:00.0,DiscreteTimeAxis(Millis))), valid_from -> (valid_to,ClosedInterval(1970-01-01 00:00:00.0,9999-12-31 00:00:00.0,DiscreteTimeAxis(Millis)))),List()) [ScalaTest-main-running-BiTemporalClosedQueryUtilTest]
- should combine, extend ranges, fill gaps and remove overlaps of dfRight
rangeCleanupExtend and rangeCombine
2026-08-12 11:50:24 INFO  BiTemporalClosedQueryUtilTest - (combineMultivarRanges(runId=4)) DONE: returning resultatCombine: schema = struct<id:int,img:string,known_from:timestamp,known_to:timestamp,valid_from:timestamp,valid_to:timestamp,_defined:boolean> , mrqc=BiLinearClosedIntervalQueryConfig(Map(known_from -> (known_to,ClosedInterval(1970-01-01 00:00:00.0,9999-12-31 00:00:00.0,DiscreteTimeAxis(Millis))), valid_from -> (valid_to,ClosedInterval(1970-01-01 00:00:00.0,9999-12-31 00:00:00.0,DiscreteTimeAxis(Millis)))),List()) [ScalaTest-main-running-BiTemporalClosedQueryUtilTest]
- should combine, extend ranges, fill gaps and remove overlaps of dfMap, and then convert dfMap to a 1-1-relation by selecting the smallest value of img
rangeCleanupExtend_dfMap_NoExtendFillgaps
2026-08-12 11:50:28 INFO  BiTemporalClosedQueryUtilTest - (combineMultivarRanges(runId=4)) DONE: returning resultatCombine: schema = struct<id:int,img:string,known_from:timestamp,known_to:timestamp,valid_from:timestamp,valid_to:timestamp,_defined:boolean> , mrqc=BiLinearClosedIntervalQueryConfig(Map(known_from -> (known_to,ClosedInterval(1970-01-01 00:00:00.0,9999-12-31 00:00:00.0,DiscreteTimeAxis(Millis))), valid_from -> (valid_to,ClosedInterval(1970-01-01 00:00:00.0,9999-12-31 00:00:00.0,DiscreteTimeAxis(Millis)))),List()) [ScalaTest-main-running-BiTemporalClosedQueryUtilTest]
- should combine and remove overlaps of dfMap, and then convert dfMap to a 1-1-relation by selecting the smallest value of img
rangeCleanupExtend and rangeCombine
2026-08-12 11:50:31 INFO  BiTemporalClosedQueryUtilTest - (combineMultivarRanges(runId=2)) DONE: returning resultatCombine: schema = struct<id:int,img:string,known_from:timestamp,known_to:timestamp,valid_from:timestamp,valid_to:timestamp,_defined:boolean> , mrqc=BiLinearClosedIntervalQueryConfig(Map(known_from -> (known_to,ClosedInterval(1970-01-01 00:00:00.0,9999-12-31 00:00:00.0,DiscreteTimeAxis(Millis))), valid_from -> (valid_to,ClosedInterval(1970-01-01 00:00:00.0,9999-12-31 00:00:00.0,DiscreteTimeAxis(Millis)))),List()) [ScalaTest-main-running-BiTemporalClosedQueryUtilTest]
- should combine, extend ranges, fill gaps and remove overlaps of dfMsOverlap, and then convert dfMap to a 1-1-relation by selecting the smallest value of img
rangeCombine
2026-08-12 11:50:33 INFO  BiTemporalClosedQueryUtilTest - (combineMultivarRanges(runId=4)) DONE: returning resultatCombine: schema = struct<id:int,known_from:timestamp,known_to:timestamp,valid_from:timestamp,valid_to:timestamp,img:string> , mrqc=BiLinearClosedIntervalQueryConfig(Map(known_from -> (known_to,ClosedInterval(1970-01-01 00:00:00.0,9999-12-31 00:00:00.0,DiscreteTimeAxis(Millis))), valid_from -> (valid_to,ClosedInterval(1970-01-01 00:00:00.0,9999-12-31 00:00:00.0,DiscreteTimeAxis(Millis)))),List()) [ScalaTest-main-running-BiTemporalClosedQueryUtilTest]
- should combine everything possible
rangeCombine
2026-08-12 11:50:34 INFO  BiTemporalClosedQueryUtilTest - (combineMultivarRanges(runId=2)) DONE: returning resultatCombine: schema = struct<id:int,known_from:timestamp,known_to:timestamp,valid_from:timestamp,valid_to:timestamp,value_r:double> , mrqc=BiLinearClosedIntervalQueryConfig(Map(known_from -> (known_to,ClosedInterval(1970-01-01 00:00:00.0,9999-12-31 00:00:00.0,DiscreteTimeAxis(Millis))), valid_from -> (valid_to,ClosedInterval(1970-01-01 00:00:00.0,9999-12-31 00:00:00.0,DiscreteTimeAxis(Millis)))),List()) [ScalaTest-main-running-BiTemporalClosedQueryUtilTest]
- should combine the rows of dfRight
rangeCombine dropped column
2026-08-12 11:50:35 INFO  BiTemporalClosedQueryUtilTest - (combineMultivarRanges(runId=2)) DONE: returning resultatCombine: schema = struct<id:int,known_from:timestamp,known_to:timestamp,valid_from:timestamp,valid_to:timestamp,value_r:double> , mrqc=BiLinearClosedIntervalQueryConfig(Map(known_from -> (known_to,ClosedInterval(1970-01-01 00:00:00.0,9999-12-31 00:00:00.0,DiscreteTimeAxis(Millis))), valid_from -> (valid_to,ClosedInterval(1970-01-01 00:00:00.0,9999-12-31 00:00:00.0,DiscreteTimeAxis(Millis)))),List()) [ScalaTest-main-running-BiTemporalClosedQueryUtilTest]
- should combine the rows of dfRight with column add/drop
rangeCombine
2026-08-12 11:50:37 INFO  BiTemporalClosedQueryUtilTest - (combineMultivarRanges(runId=5)) DONE: returning resultatCombine: schema = struct<id:int,known_from:timestamp,known_to:timestamp,valid_from:timestamp,valid_to:timestamp,img:string> , mrqc=BiLinearClosedIntervalQueryConfig(Map(known_from -> (known_to,ClosedInterval(1970-01-01 00:00:00.0,9999-12-31 00:00:00.0,DiscreteTimeAxis(Millis))), valid_from -> (valid_to,ClosedInterval(1970-01-01 00:00:00.0,9999-12-31 00:00:00.0,DiscreteTimeAxis(Millis)))),List()) [ScalaTest-main-running-BiTemporalClosedQueryUtilTest]
- should combine ranges of dfMapToCombine
rangeDense2discrete
- should round to ms without adding gaps or overlaps
rangeExtendRange
- should extend the ranges of dfMoment
rangeExtendRange
- should extend the ranges of dfRight
rangeExtendRange
- should extend the ranges of dfRight using global min/max
rangeFullJoin dfLeft with dfRight
2026-08-12 11:50:39 INFO  BiTemporalClosedQueryUtilTest - (joinRanges) dfJoined.schema = struct<id__1:int,value_l:double,known_from:timestamp,known_to:timestamp,valid_from:timestamp,valid_to:timestamp,_defined_l:boolean,id__2:int,value_r:double,known_from2:timestamp,known_to2:timestamp,valid_from2:timestamp,valid_to2:timestamp,_defined_r:boolean> ; selCols = coalesce(id__1, id__2) AS id,value_l,_defined_l,value_r,_defined_r,greatest(known_from, known_from2) AS known_from,least(known_to, known_to2) AS known_to,greatest(valid_from, valid_from2) AS valid_from,least(valid_to, valid_to2) AS valid_to [ScalaTest-main-running-BiTemporalClosedQueryUtilTest]
2026-08-12 11:50:39 INFO  BiTemporalClosedQueryUtilTest - (outerJoinRangesWithKey) dfJoinRaw.schema = struct<id:int,value_l:double,value_r:double,known_from:timestamp,known_to:timestamp,valid_from:timestamp,valid_to:timestamp> [ScalaTest-main-running-BiTemporalClosedQueryUtilTest]
2026-08-12 11:50:41 INFO  BiTemporalClosedQueryUtilTest - (combineMultivarRanges(runId=2)) DONE: returning resultatCombine: schema = struct<id:int,value_l:double,value_r:double,known_from:timestamp,known_to:timestamp,valid_from:timestamp,valid_to:timestamp> , mrqc=BiLinearClosedIntervalQueryConfig(Map(known_from -> (known_to,ClosedInterval(1970-01-01 00:00:00.0,9999-12-31 00:00:00.0,DiscreteTimeAxis(Millis))), valid_from -> (valid_to,ClosedInterval(1970-01-01 00:00:00.0,9999-12-31 00:00:00.0,DiscreteTimeAxis(Millis)))),List()) [ScalaTest-main-running-BiTemporalClosedQueryUtilTest]
- should return expected results
rangeFullJoin dfLeft with dfMap
2026-08-12 11:50:43 INFO  BiTemporalClosedQueryUtilTest - (joinRanges) dfJoined.schema = struct<id__1:int,value_l:double,known_from:timestamp,known_to:timestamp,valid_from:timestamp,valid_to:timestamp,_defined_l:boolean,id__2:int,img:string,known_from2:timestamp,known_to2:timestamp,valid_from2:timestamp,valid_to2:timestamp,_defined_r:boolean> ; selCols = coalesce(id__1, id__2) AS id,value_l,_defined_l,img,_defined_r,greatest(known_from, known_from2) AS known_from,least(known_to, known_to2) AS known_to,greatest(valid_from, valid_from2) AS valid_from,least(valid_to, valid_to2) AS valid_to [ScalaTest-main-running-BiTemporalClosedQueryUtilTest]
2026-08-12 11:50:43 INFO  BiTemporalClosedQueryUtilTest - (outerJoinRangesWithKey) dfJoinRaw.schema = struct<id:int,value_l:double,img:string,known_from:timestamp,known_to:timestamp,valid_from:timestamp,valid_to:timestamp> [ScalaTest-main-running-BiTemporalClosedQueryUtilTest]
2026-08-12 11:50:51 INFO  BiTemporalClosedQueryUtilTest - (combineMultivarRanges(runId=5)) DONE: returning resultatCombine: schema = struct<id:int,value_l:double,img:string,known_from:timestamp,known_to:timestamp,valid_from:timestamp,valid_to:timestamp> , mrqc=BiLinearClosedIntervalQueryConfig(Map(known_from -> (known_to,ClosedInterval(1970-01-01 00:00:00.0,9999-12-31 00:00:00.0,DiscreteTimeAxis(Millis))), valid_from -> (valid_to,ClosedInterval(1970-01-01 00:00:00.0,9999-12-31 00:00:00.0,DiscreteTimeAxis(Millis)))),List()) [ScalaTest-main-running-BiTemporalClosedQueryUtilTest]
- should return expected results
rangeFullJoin dfLeft with dfMap using rnkExpressions
2026-08-12 11:50:55 INFO  BiTemporalClosedQueryUtilTest - (joinRanges) dfJoined.schema = struct<id__1:int,value_l:double,known_from:timestamp,known_to:timestamp,valid_from:timestamp,valid_to:timestamp,_defined_l:boolean,id__2:int,img:string,known_from2:timestamp,known_to2:timestamp,valid_from2:timestamp,valid_to2:timestamp,_defined_r:boolean> ; selCols = coalesce(id__1, id__2) AS id,value_l,_defined_l,img,_defined_r,greatest(known_from, known_from2) AS known_from,least(known_to, known_to2) AS known_to,greatest(valid_from, valid_from2) AS valid_from,least(valid_to, valid_to2) AS valid_to [ScalaTest-main-running-BiTemporalClosedQueryUtilTest]
2026-08-12 11:50:55 INFO  BiTemporalClosedQueryUtilTest - (outerJoinRangesWithKey) dfJoinRaw.schema = struct<id:int,value_l:double,img:string,known_from:timestamp,known_to:timestamp,valid_from:timestamp,valid_to:timestamp> [ScalaTest-main-running-BiTemporalClosedQueryUtilTest]
2026-08-12 11:51:02 INFO  BiTemporalClosedQueryUtilTest - (combineMultivarRanges(runId=4)) DONE: returning resultatCombine: schema = struct<id:int,value_l:double,img:string,known_from:timestamp,known_to:timestamp,valid_from:timestamp,valid_to:timestamp> , mrqc=BiLinearClosedIntervalQueryConfig(Map(known_from -> (known_to,ClosedInterval(1970-01-01 00:00:00.0,9999-12-31 00:00:00.0,DiscreteTimeAxis(Millis))), valid_from -> (valid_to,ClosedInterval(1970-01-01 00:00:00.0,9999-12-31 00:00:00.0,DiscreteTimeAxis(Millis)))),List()) [ScalaTest-main-running-BiTemporalClosedQueryUtilTest]
- should return expected results
rangeInnerJoin dfLeft with dfRight with 'on' semantics
2026-08-12 11:51:06 INFO  BiTemporalClosedQueryUtilTest - (joinRanges) dfJoined.schema = struct<id:int,known_from:timestamp,known_to:timestamp,valid_from:timestamp,valid_to:timestamp,value_l:double,id:int,known_from2:timestamp,known_to2:timestamp,valid_from2:timestamp,valid_to2:timestamp,value_r:double> ; selCols = id,value_l,id,value_r,greatest(known_from, known_from2) AS known_from,least(known_to, known_to2) AS known_to,greatest(valid_from, valid_from2) AS valid_from,least(valid_to, valid_to2) AS valid_to [ScalaTest-main-running-BiTemporalClosedQueryUtilTest]
- should return expected results
rangeInnerJoin dfLeft with dfRight with 'using' semantics
2026-08-12 11:51:06 INFO  BiTemporalClosedQueryUtilTest - (joinRanges) dfJoined.schema = struct<id__1:int,known_from:timestamp,known_to:timestamp,valid_from:timestamp,valid_to:timestamp,value_l:double,id__2:int,known_from2:timestamp,known_to2:timestamp,valid_from2:timestamp,valid_to2:timestamp,value_r:double> ; selCols = coalesce(id__1, id__2) AS id,value_l,value_r,greatest(known_from, known_from2) AS known_from,least(known_to, known_to2) AS known_to,greatest(valid_from, valid_from2) AS valid_from,least(valid_to, valid_to2) AS valid_to [ScalaTest-main-running-BiTemporalClosedQueryUtilTest]
- should return expected results
rangeInnerJoin dfLeft with dfRightDouble with 'on' semantics
2026-08-12 11:51:06 INFO  BiTemporalClosedQueryUtilTest - (joinRanges) dfJoined.schema = struct<id:int,known_from:timestamp,known_to:timestamp,valid_from:timestamp,valid_to:timestamp,value_l:double,id:double,known_from2:timestamp,known_to2:timestamp,valid_from2:timestamp,valid_to2:timestamp,value_r:double> ; selCols = id,value_l,id,value_r,greatest(known_from, known_from2) AS known_from,least(known_to, known_to2) AS known_to,greatest(valid_from, valid_from2) AS valid_from,least(valid_to, valid_to2) AS valid_to [ScalaTest-main-running-BiTemporalClosedQueryUtilTest]
- should return expected results
rangeInnerJoin dfLeft with dfRightDouble with 'using' semantics
2026-08-12 11:51:06 INFO  BiTemporalClosedQueryUtilTest - (joinRanges) dfJoined.schema = struct<id__1:int,known_from:timestamp,known_to:timestamp,valid_from:timestamp,valid_to:timestamp,value_l:double,id__2:double,known_from2:timestamp,known_to2:timestamp,valid_from2:timestamp,valid_to2:timestamp,value_r:double> ; selCols = coalesce(id__1, id__2) AS id,value_l,value_r,greatest(known_from, known_from2) AS known_from,least(known_to, known_to2) AS known_to,greatest(valid_from, valid_from2) AS valid_from,least(valid_to, valid_to2) AS valid_to [ScalaTest-main-running-BiTemporalClosedQueryUtilTest]
- should return expected results
rangeInnerJoin with equally named columns apart join columns
2026-08-12 11:51:06 INFO  BiTemporalClosedQueryUtilTest - (joinRanges) dfJoined.schema = struct<id__1:int,known_from:timestamp,known_to:timestamp,valid_from:timestamp,valid_to:timestamp,value:double,id__2:int,known_from2:timestamp,known_to2:timestamp,valid_from2:timestamp,valid_to2:timestamp,value:double> ; selCols = coalesce(id__1, id__2) AS id,value,value,greatest(known_from, known_from2) AS known_from,least(known_to, known_to2) AS known_to,greatest(valid_from, valid_from2) AS valid_from,least(valid_to, valid_to2) AS valid_to [ScalaTest-main-running-BiTemporalClosedQueryUtilTest]
- should return expected results
rangeLeftAntiJoin dfLeft with dfRight
2026-08-12 11:51:07 INFO  BiTemporalClosedQueryUtilTest - (combineMultivarRanges(runId=2)) DONE: returning resultatCombine: schema = struct<id:int,known_from2:timestamp,known_to2:timestamp,valid_from2:timestamp,valid_to2:timestamp> , mrqc=BiLinearClosedIntervalQueryConfig(Map(known_from2 -> (known_to2,ClosedInterval(1970-01-01 00:00:00.0,9999-12-31 00:00:00.0,DiscreteTimeAxis(Millis))), valid_from2 -> (valid_to2,ClosedInterval(1970-01-01 00:00:00.0,9999-12-31 00:00:00.0,DiscreteTimeAxis(Millis)))),List()) [ScalaTest-main-running-BiTemporalClosedQueryUtilTest]
2026-08-12 11:51:07 INFO  BiTemporalClosedQueryUtilTest - (leftAntiJoinRanges) dfComplementRaw.schema = struct<id:int,known_from:timestamp,known_to:timestamp,valid_from:timestamp,valid_to:timestamp,value_l:double> [ScalaTest-main-running-BiTemporalClosedQueryUtilTest]
2026-08-12 11:51:08 INFO  BiTemporalClosedQueryUtilTest - (combineMultivarRanges(runId=2)) DONE: returning resultatCombine: schema = struct<id:int,value_l:double,known_from:timestamp,known_to:timestamp,valid_from:timestamp,valid_to:timestamp> , mrqc=BiLinearClosedIntervalQueryConfig(Map(known_from -> (known_to,ClosedInterval(1970-01-01 00:00:00.0,9999-12-31 00:00:00.0,DiscreteTimeAxis(Millis))), valid_from -> (valid_to,ClosedInterval(1970-01-01 00:00:00.0,9999-12-31 00:00:00.0,DiscreteTimeAxis(Millis)))),List()) [ScalaTest-main-running-BiTemporalClosedQueryUtilTest]
- should return expected results
rangeLeftAntiJoin dfLeft with dfMap
2026-08-12 11:51:09 INFO  BiTemporalClosedQueryUtilTest - (combineMultivarRanges(runId=1)) DONE: returning resultatCombine: schema = struct<id:int,known_from2:timestamp,known_to2:timestamp,valid_from2:timestamp,valid_to2:timestamp> , mrqc=BiLinearClosedIntervalQueryConfig(Map(known_from2 -> (known_to2,ClosedInterval(1970-01-01 00:00:00.0,9999-12-31 00:00:00.0,DiscreteTimeAxis(Millis))), valid_from2 -> (valid_to2,ClosedInterval(1970-01-01 00:00:00.0,9999-12-31 00:00:00.0,DiscreteTimeAxis(Millis)))),List()) [ScalaTest-main-running-BiTemporalClosedQueryUtilTest]
2026-08-12 11:51:10 INFO  BiTemporalClosedQueryUtilTest - (leftAntiJoinRanges) dfComplementRaw.schema = struct<id:int,known_from:timestamp,known_to:timestamp,valid_from:timestamp,valid_to:timestamp,value_l:double> [ScalaTest-main-running-BiTemporalClosedQueryUtilTest]
2026-08-12 11:51:11 INFO  BiTemporalClosedQueryUtilTest - (combineMultivarRanges(runId=2)) DONE: returning resultatCombine: schema = struct<id:int,value_l:double,known_from:timestamp,known_to:timestamp,valid_from:timestamp,valid_to:timestamp> , mrqc=BiLinearClosedIntervalQueryConfig(Map(known_from -> (known_to,ClosedInterval(1970-01-01 00:00:00.0,9999-12-31 00:00:00.0,DiscreteTimeAxis(Millis))), valid_from -> (valid_to,ClosedInterval(1970-01-01 00:00:00.0,9999-12-31 00:00:00.0,DiscreteTimeAxis(Millis)))),List()) [ScalaTest-main-running-BiTemporalClosedQueryUtilTest]
- should return expected results
rangeLeftAntiJoin dfRight with dfMap
2026-08-12 11:51:14 INFO  BiTemporalClosedQueryUtilTest - (combineMultivarRanges(runId=1)) DONE: returning resultatCombine: schema = struct<id:int,known_from2:timestamp,known_to2:timestamp,valid_from2:timestamp,valid_to2:timestamp> , mrqc=BiLinearClosedIntervalQueryConfig(Map(known_from2 -> (known_to2,ClosedInterval(1970-01-01 00:00:00.0,9999-12-31 00:00:00.0,DiscreteTimeAxis(Millis))), valid_from2 -> (valid_to2,ClosedInterval(1970-01-01 00:00:00.0,9999-12-31 00:00:00.0,DiscreteTimeAxis(Millis)))),List()) [ScalaTest-main-running-BiTemporalClosedQueryUtilTest]
2026-08-12 11:51:14 INFO  BiTemporalClosedQueryUtilTest - (leftAntiJoinRanges) dfComplementRaw.schema = struct<id:int,known_from:timestamp,known_to:timestamp,valid_from:timestamp,valid_to:timestamp,value_r:double> [ScalaTest-main-running-BiTemporalClosedQueryUtilTest]
2026-08-12 11:51:16 INFO  BiTemporalClosedQueryUtilTest - (combineMultivarRanges(runId=2)) DONE: returning resultatCombine: schema = struct<id:int,value_r:double,known_from:timestamp,known_to:timestamp,valid_from:timestamp,valid_to:timestamp> , mrqc=BiLinearClosedIntervalQueryConfig(Map(known_from -> (known_to,ClosedInterval(1970-01-01 00:00:00.0,9999-12-31 00:00:00.0,DiscreteTimeAxis(Millis))), valid_from -> (valid_to,ClosedInterval(1970-01-01 00:00:00.0,9999-12-31 00:00:00.0,DiscreteTimeAxis(Millis)))),List()) [ScalaTest-main-running-BiTemporalClosedQueryUtilTest]
- should return expected results
rangeLeftAntiJoin dfMap with dfRight
2026-08-12 11:51:18 INFO  BiTemporalClosedQueryUtilTest - (combineMultivarRanges(runId=2)) DONE: returning resultatCombine: schema = struct<id:int,known_from2:timestamp,known_to2:timestamp,valid_from2:timestamp,valid_to2:timestamp> , mrqc=BiLinearClosedIntervalQueryConfig(Map(known_from2 -> (known_to2,ClosedInterval(1970-01-01 00:00:00.0,9999-12-31 00:00:00.0,DiscreteTimeAxis(Millis))), valid_from2 -> (valid_to2,ClosedInterval(1970-01-01 00:00:00.0,9999-12-31 00:00:00.0,DiscreteTimeAxis(Millis)))),List()) [ScalaTest-main-running-BiTemporalClosedQueryUtilTest]
2026-08-12 11:51:18 INFO  BiTemporalClosedQueryUtilTest - (leftAntiJoinRanges) dfComplementRaw.schema = struct<id:int,known_from:timestamp,known_to:timestamp,valid_from:timestamp,valid_to:timestamp,img:string> [ScalaTest-main-running-BiTemporalClosedQueryUtilTest]
2026-08-12 11:51:22 INFO  BiTemporalClosedQueryUtilTest - (combineMultivarRanges(runId=4)) DONE: returning resultatCombine: schema = struct<id:int,img:string,known_from:timestamp,known_to:timestamp,valid_from:timestamp,valid_to:timestamp> , mrqc=BiLinearClosedIntervalQueryConfig(Map(known_from -> (known_to,ClosedInterval(1970-01-01 00:00:00.0,9999-12-31 00:00:00.0,DiscreteTimeAxis(Millis))), valid_from -> (valid_to,ClosedInterval(1970-01-01 00:00:00.0,9999-12-31 00:00:00.0,DiscreteTimeAxis(Millis)))),List()) [ScalaTest-main-running-BiTemporalClosedQueryUtilTest]
- should return expected results
rangeLeftJoin dfLeft with dfRight
2026-08-12 11:51:24 INFO  BiTemporalClosedQueryUtilTest - (joinRanges) dfJoined.schema = struct<id__1:int,known_from:timestamp,known_to:timestamp,valid_from:timestamp,valid_to:timestamp,value_l:double,id__2:int,value_r:double,known_from2:timestamp,known_to2:timestamp,valid_from2:timestamp,valid_to2:timestamp> ; selCols = coalesce(id__1, id__2) AS id,value_l,value_r,greatest(known_from, known_from2) AS known_from,least(known_to, known_to2) AS known_to,greatest(valid_from, valid_from2) AS valid_from,least(valid_to, valid_to2) AS valid_to [ScalaTest-main-running-BiTemporalClosedQueryUtilTest]
2026-08-12 11:51:24 INFO  BiTemporalClosedQueryUtilTest - (outerJoinRangesWithKey) dfJoinRaw.schema = struct<id:int,value_l:double,value_r:double,known_from:timestamp,known_to:timestamp,valid_from:timestamp,valid_to:timestamp> [ScalaTest-main-running-BiTemporalClosedQueryUtilTest]
2026-08-12 11:51:25 INFO  BiTemporalClosedQueryUtilTest - (combineMultivarRanges(runId=2)) DONE: returning resultatCombine: schema = struct<id:int,value_l:double,value_r:double,known_from:timestamp,known_to:timestamp,valid_from:timestamp,valid_to:timestamp> , mrqc=BiLinearClosedIntervalQueryConfig(Map(known_from -> (known_to,ClosedInterval(1970-01-01 00:00:00.0,9999-12-31 00:00:00.0,DiscreteTimeAxis(Millis))), valid_from -> (valid_to,ClosedInterval(1970-01-01 00:00:00.0,9999-12-31 00:00:00.0,DiscreteTimeAxis(Millis)))),List()) [ScalaTest-main-running-BiTemporalClosedQueryUtilTest]
- should return expected results
rangeLeftJoin dfLeft with dfEmpty
2026-08-12 11:51:26 INFO  BiTemporalClosedQueryUtilTest - (joinRanges) dfJoined.schema = struct<id__1:int,known_from:timestamp,known_to:timestamp,valid_from:timestamp,valid_to:timestamp,value_l:double,id__2:int,value_r:double,known_from2:timestamp,known_to2:timestamp,valid_from2:timestamp,valid_to2:timestamp> ; selCols = coalesce(id__1, id__2) AS id,value_l,value_r,greatest(known_from, known_from2) AS known_from,least(known_to, known_to2) AS known_to,greatest(valid_from, valid_from2) AS valid_from,least(valid_to, valid_to2) AS valid_to [ScalaTest-main-running-BiTemporalClosedQueryUtilTest]
2026-08-12 11:51:26 INFO  BiTemporalClosedQueryUtilTest - (outerJoinRangesWithKey) dfJoinRaw.schema = struct<id:int,value_l:double,value_r:double,known_from:timestamp,known_to:timestamp,valid_from:timestamp,valid_to:timestamp> [ScalaTest-main-running-BiTemporalClosedQueryUtilTest]
2026-08-12 11:51:26 INFO  BiTemporalClosedQueryUtilTest - (combineMultivarRanges(runId=1)) DONE: returning resultatCombine: schema = struct<id:int,value_l:double,value_r:double,known_from:timestamp,known_to:timestamp,valid_from:timestamp,valid_to:timestamp> , mrqc=BiLinearClosedIntervalQueryConfig(Map(known_from -> (known_to,ClosedInterval(1970-01-01 00:00:00.0,9999-12-31 00:00:00.0,DiscreteTimeAxis(Millis))), valid_from -> (valid_to,ClosedInterval(1970-01-01 00:00:00.0,9999-12-31 00:00:00.0,DiscreteTimeAxis(Millis)))),List()) [ScalaTest-main-running-BiTemporalClosedQueryUtilTest]
- should add an empty column value_r to dfLeft
rangeLeftJoin dfLeft with dfMap
2026-08-12 11:51:27 INFO  BiTemporalClosedQueryUtilTest - (joinRanges) dfJoined.schema = struct<id__1:int,known_from:timestamp,known_to:timestamp,valid_from:timestamp,valid_to:timestamp,value_l:double,id__2:int,img:string,known_from2:timestamp,known_to2:timestamp,valid_from2:timestamp,valid_to2:timestamp> ; selCols = coalesce(id__1, id__2) AS id,value_l,img,greatest(known_from, known_from2) AS known_from,least(known_to, known_to2) AS known_to,greatest(valid_from, valid_from2) AS valid_from,least(valid_to, valid_to2) AS valid_to [ScalaTest-main-running-BiTemporalClosedQueryUtilTest]
2026-08-12 11:51:27 INFO  BiTemporalClosedQueryUtilTest - (outerJoinRangesWithKey) dfJoinRaw.schema = struct<id:int,value_l:double,img:string,known_from:timestamp,known_to:timestamp,valid_from:timestamp,valid_to:timestamp> [ScalaTest-main-running-BiTemporalClosedQueryUtilTest]
2026-08-12 11:51:31 INFO  BiTemporalClosedQueryUtilTest - (combineMultivarRanges(runId=5)) DONE: returning resultatCombine: schema = struct<id:int,value_l:double,img:string,known_from:timestamp,known_to:timestamp,valid_from:timestamp,valid_to:timestamp> , mrqc=BiLinearClosedIntervalQueryConfig(Map(known_from -> (known_to,ClosedInterval(1970-01-01 00:00:00.0,9999-12-31 00:00:00.0,DiscreteTimeAxis(Millis))), valid_from -> (valid_to,ClosedInterval(1970-01-01 00:00:00.0,9999-12-31 00:00:00.0,DiscreteTimeAxis(Millis)))),List()) [ScalaTest-main-running-BiTemporalClosedQueryUtilTest]
- should return expected results
rangeLeftJoin dfLeft with dfMap using rnkExpressions
2026-08-12 11:51:33 INFO  BiTemporalClosedQueryUtilTest - (joinRanges) dfJoined.schema = struct<id__1:int,known_from:timestamp,known_to:timestamp,valid_from:timestamp,valid_to:timestamp,value_l:double,id__2:int,img:string,known_from2:timestamp,known_to2:timestamp,valid_from2:timestamp,valid_to2:timestamp> ; selCols = coalesce(id__1, id__2) AS id,value_l,img,greatest(known_from, known_from2) AS known_from,least(known_to, known_to2) AS known_to,greatest(valid_from, valid_from2) AS valid_from,least(valid_to, valid_to2) AS valid_to [ScalaTest-main-running-BiTemporalClosedQueryUtilTest]
2026-08-12 11:51:33 INFO  BiTemporalClosedQueryUtilTest - (outerJoinRangesWithKey) dfJoinRaw.schema = struct<id:int,value_l:double,img:string,known_from:timestamp,known_to:timestamp,valid_from:timestamp,valid_to:timestamp> [ScalaTest-main-running-BiTemporalClosedQueryUtilTest]
2026-08-12 11:51:36 INFO  BiTemporalClosedQueryUtilTest - (combineMultivarRanges(runId=4)) DONE: returning resultatCombine: schema = struct<id:int,value_l:double,img:string,known_from:timestamp,known_to:timestamp,valid_from:timestamp,valid_to:timestamp> , mrqc=BiLinearClosedIntervalQueryConfig(Map(known_from -> (known_to,ClosedInterval(1970-01-01 00:00:00.0,9999-12-31 00:00:00.0,DiscreteTimeAxis(Millis))), valid_from -> (valid_to,ClosedInterval(1970-01-01 00:00:00.0,9999-12-31 00:00:00.0,DiscreteTimeAxis(Millis)))),List()) [ScalaTest-main-running-BiTemporalClosedQueryUtilTest]
- should return expected results
rangeRightJoin dfLeft with dfRight
2026-08-12 11:51:38 INFO  BiTemporalClosedQueryUtilTest - (joinRanges) dfJoined.schema = struct<id__1:int,value_l:double,known_from:timestamp,known_to:timestamp,valid_from:timestamp,valid_to:timestamp,id__2:int,known_from2:timestamp,known_to2:timestamp,valid_from2:timestamp,valid_to2:timestamp,value_r:double> ; selCols = coalesce(id__1, id__2) AS id,value_l,value_r,greatest(known_from, known_from2) AS known_from,least(known_to, known_to2) AS known_to,greatest(valid_from, valid_from2) AS valid_from,least(valid_to, valid_to2) AS valid_to [ScalaTest-main-running-BiTemporalClosedQueryUtilTest]
2026-08-12 11:51:38 INFO  BiTemporalClosedQueryUtilTest - (outerJoinRangesWithKey) dfJoinRaw.schema = struct<id:int,value_l:double,value_r:double,known_from:timestamp,known_to:timestamp,valid_from:timestamp,valid_to:timestamp> [ScalaTest-main-running-BiTemporalClosedQueryUtilTest]
2026-08-12 11:51:40 INFO  BiTemporalClosedQueryUtilTest - (combineMultivarRanges(runId=2)) DONE: returning resultatCombine: schema = struct<id:int,value_l:double,value_r:double,known_from:timestamp,known_to:timestamp,valid_from:timestamp,valid_to:timestamp> , mrqc=BiLinearClosedIntervalQueryConfig(Map(known_from -> (known_to,ClosedInterval(1970-01-01 00:00:00.0,9999-12-31 00:00:00.0,DiscreteTimeAxis(Millis))), valid_from -> (valid_to,ClosedInterval(1970-01-01 00:00:00.0,9999-12-31 00:00:00.0,DiscreteTimeAxis(Millis)))),List()) [ScalaTest-main-running-BiTemporalClosedQueryUtilTest]
- should return expected results
rangeRightJoin dfLeft with dfMap
2026-08-12 11:51:42 INFO  BiTemporalClosedQueryUtilTest - (joinRanges) dfJoined.schema = struct<id__1:int,value_l:double,known_from:timestamp,known_to:timestamp,valid_from:timestamp,valid_to:timestamp,id__2:int,known_from2:timestamp,known_to2:timestamp,valid_from2:timestamp,valid_to2:timestamp,img:string> ; selCols = coalesce(id__1, id__2) AS id,value_l,img,greatest(known_from, known_from2) AS known_from,least(known_to, known_to2) AS known_to,greatest(valid_from, valid_from2) AS valid_from,least(valid_to, valid_to2) AS valid_to [ScalaTest-main-running-BiTemporalClosedQueryUtilTest]
2026-08-12 11:51:42 INFO  BiTemporalClosedQueryUtilTest - (outerJoinRangesWithKey) dfJoinRaw.schema = struct<id:int,value_l:double,img:string,known_from:timestamp,known_to:timestamp,valid_from:timestamp,valid_to:timestamp> [ScalaTest-main-running-BiTemporalClosedQueryUtilTest]
2026-08-12 11:51:43 INFO  BiTemporalClosedQueryUtilTest - (combineMultivarRanges(runId=1)) DONE: returning resultatCombine: schema = struct<id:int,value_l:double,img:string,known_from:timestamp,known_to:timestamp,valid_from:timestamp,valid_to:timestamp> , mrqc=BiLinearClosedIntervalQueryConfig(Map(known_from -> (known_to,ClosedInterval(1970-01-01 00:00:00.0,9999-12-31 00:00:00.0,DiscreteTimeAxis(Millis))), valid_from -> (valid_to,ClosedInterval(1970-01-01 00:00:00.0,9999-12-31 00:00:00.0,DiscreteTimeAxis(Millis)))),List()) [ScalaTest-main-running-BiTemporalClosedQueryUtilTest]
- should return expected results
rangeRightJoin dfLeft with dfMap using rnkExpressions
2026-08-12 11:51:44 INFO  BiTemporalClosedQueryUtilTest - (joinRanges) dfJoined.schema = struct<id__1:int,value_l:double,known_from:timestamp,known_to:timestamp,valid_from:timestamp,valid_to:timestamp,id__2:int,known_from2:timestamp,known_to2:timestamp,valid_from2:timestamp,valid_to2:timestamp,img:string> ; selCols = coalesce(id__1, id__2) AS id,value_l,img,greatest(known_from, known_from2) AS known_from,least(known_to, known_to2) AS known_to,greatest(valid_from, valid_from2) AS valid_from,least(valid_to, valid_to2) AS valid_to [ScalaTest-main-running-BiTemporalClosedQueryUtilTest]
2026-08-12 11:51:44 INFO  BiTemporalClosedQueryUtilTest - (outerJoinRangesWithKey) dfJoinRaw.schema = struct<id:int,value_l:double,img:string,known_from:timestamp,known_to:timestamp,valid_from:timestamp,valid_to:timestamp> [ScalaTest-main-running-BiTemporalClosedQueryUtilTest]
2026-08-12 11:51:45 INFO  BiTemporalClosedQueryUtilTest - (combineMultivarRanges(runId=1)) DONE: returning resultatCombine: schema = struct<id:int,value_l:double,img:string,known_from:timestamp,known_to:timestamp,valid_from:timestamp,valid_to:timestamp> , mrqc=BiLinearClosedIntervalQueryConfig(Map(known_from -> (known_to,ClosedInterval(1970-01-01 00:00:00.0,9999-12-31 00:00:00.0,DiscreteTimeAxis(Millis))), valid_from -> (valid_to,ClosedInterval(1970-01-01 00:00:00.0,9999-12-31 00:00:00.0,DiscreteTimeAxis(Millis)))),List()) [ScalaTest-main-running-BiTemporalClosedQueryUtilTest]
- should return expected results
rangeRoundDiscreteTime, rangeCleanupExtend and rangeCombine
2026-08-12 11:51:48 INFO  BiTemporalClosedQueryUtilTest - (combineMultivarRanges(runId=2)) DONE: returning resultatCombine: schema = struct<id:int,value:double,known_from:timestamp,known_to:timestamp,valid_from:timestamp,valid_to:timestamp,_defined:boolean> , mrqc=BiLinearClosedIntervalQueryConfig(Map(known_from -> (known_to,ClosedInterval(1970-01-01 00:00:00.0,9999-12-31 00:00:00.0,DiscreteTimeAxis(Millis))), valid_from -> (valid_to,ClosedInterval(1970-01-01 00:00:00.0,9999-12-31 00:00:00.0,DiscreteTimeAxis(Millis)))),List()) [ScalaTest-main-running-BiTemporalClosedQueryUtilTest]
- should combine, extend ranges, fill gaps and remove overlaps of dfDirtyTimeRanges, and then convert dfMap to a 1-1-relation by selecting the smallest value
rangeRoundDiscreteTime, rangeCleanupExtend and rangeCombine
2026-08-12 11:51:52 INFO  BiTemporalClosedQueryUtilTest - (combineMultivarRanges(runId=2)) DONE: returning resultatCombine: schema = struct<id:int,value:double,known_from:timestamp,known_to:timestamp,valid_from:timestamp,valid_to:timestamp,_defined:boolean> , mrqc=BiLinearClosedIntervalQueryConfig(Map(known_from -> (known_to,ClosedInterval(1970-01-01 00:00:00.0,9999-12-31 00:00:00.0,DiscreteTimeAxis(Millis))), valid_from -> (valid_to,ClosedInterval(1970-01-01 00:00:00.0,9999-12-31 00:00:00.0,DiscreteTimeAxis(Millis)))),List()) [ScalaTest-main-running-BiTemporalClosedQueryUtilTest]
- should combine and remove overlaps of dfDirtyTimeRanges, and then convert dfMap to a 1-1-relation by selecting the smallest value without extending ranges or filling gaps
rangeRoundDiscreteTime
- should not modify dfLeft
rangeRoundDiscreteTime
- should round timestamps of dfDirtyTimeRanges
rangeRoundDiscreteTime and rangeCombine
2026-08-12 11:51:54 INFO  BiTemporalClosedQueryUtilTest - (combineMultivarRanges(runId=1)) DONE: returning resultatCombine: schema = struct<id:int,known_from:timestamp,known_to:timestamp,valid_from:timestamp,valid_to:timestamp,value:double> , mrqc=BiLinearClosedIntervalQueryConfig(Map(known_from -> (known_to,ClosedInterval(1970-01-01 00:00:00.0,9999-12-31 00:00:00.0,DiscreteTimeAxis(Millis))), valid_from -> (valid_to,ClosedInterval(1970-01-01 00:00:00.0,9999-12-31 00:00:00.0,DiscreteTimeAxis(Millis)))),List()) [ScalaTest-main-running-BiTemporalClosedQueryUtilTest]
- should combine dfDirtyTimeRanges
rangeRoundDiscreteTime and rangeCombine
2026-08-12 11:51:54 INFO  BiTemporalClosedQueryUtilTest - (combineMultivarRanges(runId=2)) DONE: returning resultatCombine: schema = struct<id:int,known_from:timestamp,known_to:timestamp,valid_from:timestamp,valid_to:timestamp,value:double> , mrqc=BiLinearClosedIntervalQueryConfig(Map(known_from -> (known_to,ClosedInterval(1970-01-01 00:00:00.0,9999-12-31 00:00:00.0,DiscreteTimeAxis(Millis))), valid_from -> (valid_to,ClosedInterval(1970-01-01 00:00:00.0,9999-12-31 00:00:00.0,DiscreteTimeAxis(Millis)))),List()) [ScalaTest-main-running-BiTemporalClosedQueryUtilTest]
- should combine dfDocumentation
rangeUnifyRanges
- should not modify dfMoment as extend and fillGapsWithNull are false
rangeUnifyRanges
- should extend dfMoment
rangeUnifyRanges
- should split properly the ranges of dfMsOverlap
rangeUnifyRanges
- should split properly the ranges of dfMap
rangeUnifyRanges dfMicrosecTimeRanges
2026-08-12 11:51:57 INFO  BiTemporalClosedQueryUtilTest - 
*** Educational test case to highlight the behaviour of rangeUnifyRanges when the time has a granularity of smaller than 1ms. *** [ScalaTest-main-running-BiTemporalClosedQueryUtilTest]
- should show what happens when time is more precise than the granularity of 1ms
Run completed in 8 minutes, 50 seconds.
Total number of tests run: 170
Suites: completed 11, aborted 0
Tests: succeeded 170, failed 0, canceled 0, ignored 0, pending 0
All tests passed.
[INFO] 
[INFO] --- jar:3.5.0:jar (default-jar) @ spark-temporalquery_2.13 ---
[INFO] Building jar: /Users/nikolaus.thiel/GIT/spark-temporalquery/target/spark-temporalquery_2.13-3.0.1-SNAPSHOT.jar
[INFO] 
[INFO] >>> source:3.3.1:jar (attach-sources) > generate-sources @ spark-temporalquery_2.13 >>>
[INFO] 
[INFO] --- scalafmt:1.1.1713302731.c3d0074:format (scalafmt) @ spark-temporalquery_2.13 ---
[INFO] parsed config (v3.10.7): /Users/nikolaus.thiel/GIT/spark-temporalquery/.scalafmt.conf
[INFO] Scalafmt results: 0 of 41 were unformatted
[INFO] Details:
[INFO] - Correctly formatted: Logging.scala
[INFO] - Correctly formatted: BiLinearGenericQueryUtil.scala
[INFO] - Correctly formatted: BiLinearFloatQueryUtil.scala
[INFO] - Correctly formatted: BiLinearDoubleQueryUtil.scala
[INFO] - Correctly formatted: BiTemporalClosedIntervalQueryUtil.scala
[INFO] - Correctly formatted: BiTemporalHalfOpenIntervalQueryUtil.scala
[INFO] - Correctly formatted: TemporalClosedQueryUtil.scala
[INFO] - Correctly formatted: LinearGenericQueryUtil.scala
[INFO] - Correctly formatted: LinearFloatQueryUtil.scala
[INFO] - Correctly formatted: LinearDoubleQueryUtil.scala
[INFO] - Correctly formatted: MultivariateRangeLibrary.scala
[INFO] - Correctly formatted: GenericDoubleQueryUtil.scala
[INFO] - Correctly formatted: package.scala
[INFO] - Correctly formatted: GenericQueryUtil.scala
[INFO] - Correctly formatted: MultivarRangeQueryImpl.scala
[INFO] - Correctly formatted: HalfOpenMultivarRangeQueryConfig.scala
[INFO] - Correctly formatted: MultivarRangeQueryConfig.scala
[INFO] - Correctly formatted: ClosedMultivarRangeQueryConfig.scala
[INFO] - Correctly formatted: HalfOpenInterval.scala
[INFO] - Correctly formatted: IntervalDef.scala
[INFO] - Correctly formatted: ClosedInterval.scala
[INFO] - Correctly formatted: IntervalQueryDimension.scala
[INFO] - Correctly formatted: DiscreteNumericAxis.scala
[INFO] - Correctly formatted: DiscreteAxisDef.scala
[INFO] - Correctly formatted: DiscreteTimeAxis.scala
[INFO] - Correctly formatted: package.scala
[INFO] - Correctly formatted: BiDimHalfopenIntervalTests.scala
[INFO] - Correctly formatted: BiTemporalTestUtils.scala
[INFO] - Correctly formatted: BiTemporalClosedMixedTest.scala
[INFO] - Correctly formatted: SVGexportTest.scala
[INFO] - Correctly formatted: BiTemporalClosedQueryUtilTest.scala
[INFO] - Correctly formatted: LinearDoubleQueryUtilTest.scala
[INFO] - Correctly formatted: LinearDoubleTestUtils.scala
[INFO] - Correctly formatted: TemporalClosedQueryUtilTest.scala
[INFO] - Correctly formatted: TemporalTestUtils.scala
[INFO] - Correctly formatted: MultiVarHalfopenIntervalTests.scala
[INFO] - Correctly formatted: PackageTest.scala
[INFO] - Correctly formatted: HalfOpenIntervalTest.scala
[INFO] - Correctly formatted: ClosedIntervalTest.scala
[INFO] - Correctly formatted: Generators.scala
[INFO] - Correctly formatted: TestUtils.scala
[INFO] 
[INFO] <<< source:3.3.1:jar (attach-sources) < generate-sources @ spark-temporalquery_2.13 <<<
[INFO] 
[INFO] 
[INFO] --- source:3.3.1:jar (attach-sources) @ spark-temporalquery_2.13 ---
[INFO] Building jar: /Users/nikolaus.thiel/GIT/spark-temporalquery/target/spark-temporalquery_2.13-3.0.1-SNAPSHOT-sources.jar
[INFO] 
[INFO] --- install:3.1.4:install (default-install) @ spark-temporalquery_2.13 ---
[INFO] Installing /Users/nikolaus.thiel/GIT/spark-temporalquery/pom.xml to /Users/nikolaus.thiel/.m2/repository/ch/zzeekk/spark/spark-temporalquery_2.13/3.0.1-SNAPSHOT/spark-temporalquery_2.13-3.0.1-SNAPSHOT.pom
[INFO] Installing /Users/nikolaus.thiel/GIT/spark-temporalquery/target/spark-temporalquery_2.13-3.0.1-SNAPSHOT.jar to /Users/nikolaus.thiel/.m2/repository/ch/zzeekk/spark/spark-temporalquery_2.13/3.0.1-SNAPSHOT/spark-temporalquery_2.13-3.0.1-SNAPSHOT.jar
[INFO] Installing /Users/nikolaus.thiel/GIT/spark-temporalquery/target/spark-temporalquery_2.13-3.0.1-SNAPSHOT-sources.jar to /Users/nikolaus.thiel/.m2/repository/ch/zzeekk/spark/spark-temporalquery_2.13/3.0.1-SNAPSHOT/spark-temporalquery_2.13-3.0.1-SNAPSHOT-sources.jar
[INFO] ------------------------------------------------------------------------
[INFO] BUILD SUCCESS
[INFO] ------------------------------------------------------------------------
[INFO] Total time:  09:14 min
[INFO] Finished at: 2026-08-12T11:52:01+02:00
[INFO] ------------------------------------------------------------------------
